Vagococcus_lutrae	V. lutrae
Brevundimonas_subvibrioides	B. subvibrioides
Planomicrobium_sp_MB_3u_38	Pla. sp. MB-3u-38
Acinetobacter_nosocomialis	A. nosocomialis
Cedecea_neteri	C. neteri
Prevotella_melaninogenica	P. melaninogenica
Comamonas_thiooxydans	C. thiooxydans
Corynebacterium_tuberculostearicum	Cor. tuberculostearicum
Aggregatibacter_actinomycetemcomitans	A. actinomycetemcomitans
Cutibacterium_granulosum	Cut. granulosum
Lactobacillus_paragasseri	L. paragasseri
Prevotella_micans	P. micans
Comamonas_testosteroni	C. testosteroni
Chryseobacterium_indologenes	Chr. indologenes
Pararheinheimera_mesophila	P. mesophila
Bacteroides_plebeius	B. plebeius
Rhodococcus_fascians	R. fascians
Paracoccus_alkenifer	P. alkenifer
Mycoplasma_hominis	M. hominis
Lactobacillus_animalis	L. animalis
Dorea_sp_D27	Dor. sp. D27
Micropruina_glycogenica	M. glycogenica
Clostridium_celerecrescens	C. celerecrescens
Bacillus_kochii	B. kochii
Mycolicibacterium_mucogenicum	Myc. mucogenicum
Ruminococcus_callidus	R. callidus
Sediminibacterium_sp_FEMGT703S	Sed. sp. FEMGT703S
Lachnoclostridium_sp_An118	Lac. sp. An118
Methylibium_petroleiphilum	M. petroleiphilum
Parvimonas_sp_oral_taxon_110	Par. sp. oral-taxon-110
Acinetobacter_venetianus	A. venetianus
Mycolicibacterium_senegalense	Myc. senegalense
Pasteurella_bettyae	P. bettyae
Enterobacter_bugandensis	E. bugandensis
Eubacterium_rectale	Eub. rectale
Cloacibacterium_normanense	Clo. normanense
Janthinobacterium_sp_TND4EL3	Jan. sp. TND4EL3
Lysinibacillus_boronitolerans	L. boronitolerans
Tannerella_sp_oral_taxon_808	Tan. sp. oral-taxon-808
Capnocytophaga_gingivalis	C. gingivalis
Novosphingobium_sp_B1	Nov. sp. B1
Clostridium_sp_D5	Clo. sp. D5
Lactobacillus_tucceti	L. tucceti
Methylibium_sp_Root1272	Met. sp. Root1272
Pectobacterium_carotovorum	Pec. carotovorum
Ralstonia_sp_MD27	Ral. sp. MD27
Acinetobacter_variabilis	A. variabilis
Neisseria_canis	N. canis
Firmicutes_bacterium_CAG_424	Fir. bacterium CAG-424
Parvimonas_micra	P. micra
Paucibacter_aquatile	P. aquatile
Chryseobacterium_sp_VAUSW3	Chr. sp. VAUSW3
Anaerococcus_lactolyticus	A. lactolyticus
Brevundimonas_vesicularis	B. vesicularis
Friedmanniella_sagamiharensis	F. sagamiharensis
Methanobrevibacter_oralis	M. oralis
Deinococcus_actinosclerus	D. actinosclerus
Gemella_sanguinis	G. sanguinis
Mogibacterium_pumilum	Mog. pumilum
Actinomyces_neuii	A. neuii
Bifidobacterium_bifidum	Bif. bifidum
Clostridium_methylpentosum	C. methylpentosum
Clostridium_sp_CAG_167	Clo. sp. CAG-167
Brevibacterium_ravenspurgense	Bre. ravenspurgense
Prevotella_pleuritidis	P. pleuritidis
Streptococcus_sobrinus	S. sobrinus
Flavonifractor_sp_An306	Fla. sp. An306
Olsenella_scatoligenes	O. scatoligenes
Ralstonia_pickettii	R. pickettii
Lactobacillus_acetotolerans	L. acetotolerans
Orrella_dioscoreae	O. dioscoreae
Corynebacterium_genitalium	Cor. genitalium
Lawsonella_clevelandensis	L. clevelandensis
Prevotella_sp_P3_122	Pre. sp. P3-122
Neisseria_meningitidis	N. meningitidis
Pedobacter_nutrimenti	P. nutrimenti
Holdemanella_biformis	H. biformis
Citrobacter_portucalensis	C. portucalensis
Leuconostoc_suionicum	L. suionicum
Helicobacter_equorum	H. equorum
Pseudoglutamicibacter_cumminsii	P. cumminsii
Pseudomonas_putida_group	P. putida group
Bacteroides_stercoris	B. stercoris
Lactobacillus_melliventris	L. melliventris
Citrobacter_werkmanii	C. werkmanii
Tetragenococcus_halophilus	T. halophilus
Anaerococcus_octavius	A. octavius
Staphylococcus_pettenkoferi	S. pettenkoferi
Terrisporobacter_glycolicus	T. glycolicus
Chryseobacterium_arthrosphaerae	Chr. arthrosphaerae
Parabacteroides_sp_426_9	Par. sp. 426-9
Bacteroides_sp_OM05_12	Bac. sp. OM05-12
Sarcina_sp_DSM_11001	Sar. sp. DSM-11001
Tetrasphaera_elongata	T. elongata
Coprobacter_sp	C. sp
Cutibacterium_acnes	Cut. acnes
Sphingomonas_adhaesiva	S. adhaesiva
Enterococcus_asini	E. asini
Mycobacteroides_immunogenum	M. immunogenum
Clostridium_combesii	C. combesii
Clostridium_sp_L74	Clo. sp. L74
Veillonella_atypica	V. atypica
Bacteroides_uniformis	B. uniformis
Sphingomonas_ginsenosidimutans	S. ginsenosidimutans
Prevotella_intermedia	P. intermedia
Corynebacterium_minutissimum	Cor. minutissimum
Megasphaera_cerevisiae	M. cerevisiae
Gordonia_terrae	G. terrae
Dermabacter_hominis	D. hominis
Clostridium_ventriculi	C. ventriculi
Weissella_soli	W. soli
Lactobacillus_gasseri	L. gasseri
Prevotella_sp_oral_taxon_473	Pre. sp. oral-taxon-473
Selenomonas_sp_F0473	Sel. sp. F0473
Adlercreutzia_equolifaciens	A. equolifaciens
Bacillus_cereus_group	B. cereus group
Methylobacterium_phyllosphaerae	Met. phyllosphaerae
Parabacteroides_johnsonii	P. johnsonii
Lactobacillus_johnsonii	L. johnsonii
Collinsella_intestinalis	C. intestinalis
Bacteroides_sp_CAG_633	Bac. sp. CAG-633
Ignavigranum_ruoffiae	I. ruoffiae
Filifactor_alocis	F. alocis
Monoglobus_pectinilyticus	M. pectinilyticus
Parascardovia_denticolens	P. denticolens
Corynebacterium_vitaeruminis	Cor. vitaeruminis
Ewingella_americana	E. americana
Methylobacterium_sp_GXS13	Met. sp. GXS13
Blautia_wexlerae	B. wexlerae
Moraxella_osloensis	M. osloensis
Alkalilimnicola_ehrlichii	A. ehrlichii
Prevotella_sp_CAG_279	Pre. sp. CAG-279
Kingella_kingae	K. kingae
Granulicatella_adiacens	G. adiacens
Streptococcus_massiliensis	S. massiliensis
Lactobacillus_xiangfangensis	L. xiangfangensis
Xanthomonadaceae_bacterium_NML91_0213	Xan. bacterium NML91-0213
Veillonella_rodentium	V. rodentium
Lactobacillus_alimentarius	L. alimentarius
Achromobacter_mucicolens	A. mucicolens
Burkholderia_cepacia	B. cepacia
Microcoleus_vaginatus	M. vaginatus
Eubacterium_sp_CAG_274	Eub. sp. CAG-274
Pseudomonas_kuykendallii	P. kuykendallii
Corynebacterium_hadale	Cor. hadale
Enterococcus_phoeniculicola	E. phoeniculicola
Dietzia_timorensis	D. timorensis
Lautropia_mirabilis	L. mirabilis
Pseudomonas_fluvialis	P. fluvialis
Oscillatoria_acuminata	O. acuminata
Blastococcus_sp_DSM_44268	Bla. sp. DSM-44268
Tropheryma_whipplei	T. whipplei
Megasphaera_micronuciformis	M. micronuciformis
Pseudomonas_panacis	P. panacis
Weissella_koreensis	W. koreensis
Pseudomonas_gingeri	P. gingeri
Lactobacillus_intestinalis	L. intestinalis
Roseburia_sp_CAG_309	Ros. sp. CAG-309
Acinetobacter_guillouiae	A. guillouiae
Actinomyces_radingae	A. radingae
Lactobacillus_nodensis	L. nodensis
Prevotella_buccae	P. buccae
Chryseobacterium_mucoviscidosis	Chr. mucoviscidosis
Mitsuokella_jalaludinii	M. jalaludinii
Streptococcus_thermophilus	S. thermophilus
Prevotella_stercorea	P. stercorea
Tetrasphaera_remsis	T. remsis
Acinetobacter_bereziniae	A. bereziniae
Lachnospira_pectinoschiza	L. pectinoschiza
Methanobacterium_sp_MB1	Met. sp. MB1
Melaminivora_sp_SC2_7	Mel. sp. SC2-7
Brochothrix_thermosphacta	B. thermosphacta
Desulfovibrio_piger	D. piger
Johnsonella_ignava	J. ignava
Lactobacillus_coleohominis	L. coleohominis
Lactobacillus_futsaii	L. futsaii
Cronobacter_turicensis	C. turicensis
Klebsiella_sp_RIT_PI_d	Kle. sp. RIT-PI-d
Achromobacter_denitrificans	A. denitrificans
Bacteroides_ovatus	B. ovatus
Ureaplasma_urealyticum	U. urealyticum
Alloprevotella_tannerae	A. tannerae
Peptoniphilus_harei	P. harei
Staphylococcus_schweitzeri	S. schweitzeri
Microbacterium_pygmaeum	Mic. pygmaeum
Enterobacter_sp_FS01	Ent. sp. FS01
Staphylococcus_argenteus	S. argenteus
Corynebacterium_frankenforstense	Cor. frankenforstense
Staphylococcus_devriesei	S. devriesei
Staphylococcus_schleiferi	S. schleiferi
Microlunatus_phosphovorus	M. phosphovorus
Moraxella_nonliquefaciens	M. nonliquefaciens
Alkaliphilus_oremlandii	A. oremlandii
Curtobacterium_sp_MR_MD2014	Cur. sp. MR-MD2014
Pseudomonas_sp_R9_37	Pse. sp. R9-37
Prevotella_sp_oral_taxon_376	Pre. sp. oral-taxon-376
Actinomyces_radicidentis	A. radicidentis
Acinetobacter_junii	A. junii
Selenomonas_sp_FOBRC6	Sel. sp. FOBRC6
Achromobacter_marplatensis	A. marplatensis
Stenotrophomonas_humi	S. humi
Haemophilus_haemolyticus	H. haemolyticus
Kytococcus_aerolatus	K. aerolatus
Gemella_asaccharolytica	G. asaccharolytica
Bacteroidales_bacterium_KA00251	Bac. bacterium KA00251
Mycolicibacterium_chlorophenolicum	Myc. chlorophenolicum
Prevotella_oralis	P. oralis
Streptococcus_salivarius	S. salivarius
Bifidobacterium_moukalabense	Bif. moukalabense
Sphingobacterium_mizutaii	Sph. mizutaii
Acetobacteraceae_bacterium_DB1506	Ace. bacterium DB1506
Firmicutes_bacterium_CAG_534	Fir. bacterium CAG-534
Megasphaera_sp_DISK_18	Meg. sp. DISK-18
Megamonas_funiformis_CAG_377	M. funiformis CAG-377
Serratia_nematodiphila	S. nematodiphila
Lactobacillus_buchneri	L. buchneri
Citrobacter_gillenii	C. gillenii
Desulfovibrio_legallii	D. legallii
Yokenella_regensburgei	Y. regensburgei
Rhizobium_naphthalenivorans	R. naphthalenivorans
Blattabacterium_punctulatus	Bla. punctulatus
Rothia_mucilaginosa	R. mucilaginosa
Vibrio_parahaemolyticus	V. parahaemolyticus
Bacillus_pseudalcaliphilus	B. pseudalcaliphilus
Subdoligranulum_variabile	S. variabile
Enterococcus_sp_9D6_DIV0238	Ent. sp. 9D6-DIV0238
Eggerthia_catenaformis	E. catenaformis
Acinetobacter_sp_WCHAc010034	Aci. sp. WCHAc010034
Anaerostipes_sp_494a	Ana. sp. 494a
Clavibacter_cf_michiganensis_LMG_26808	C. cf michiganensis-LMG-26808
Weissella_jogaejeotgali	W. jogaejeotgali
Flavobacteriaceae_bacterium_JJC	Fla. bacterium JJC
Prevotella_sp_CAG_873	Pre. sp. CAG-873
Blautia_hydrogenotrophica	B. hydrogenotrophica
Siccibacter_turicensis	S. turicensis
Deinococcus_wulumuqiensis	D. wulumuqiensis
Pantoea_anthophila	P. anthophila
Comamonas_kerstersii	C. kerstersii
Corynebacterium_glutamicum	Cor. glutamicum
Ruminococcus_sp_CAG_330	Rum. sp. CAG-330
Kosakonia_cowanii	K. cowanii
Synechococcus_sp_JA_2_3B_a_2_13	Syn. sp. JA-2-3B-a-2-13
Prauserella_sp_Am3	Pra. sp. Am3
Lelliottia_jeotgali	L. jeotgali
Clostridium_aldenense	C. aldenense
Actinotignum_schaalii	A. schaalii
Pseudomonas_zeshuii	P. zeshuii
Achromobacter_insolitus	A. insolitus
Citricoccus_muralis	C. muralis
Lactobacillus_frumenti	L. frumenti
Rickettsia_felis	R. felis
Flavonifractor_sp_An82	Fla. sp. An82
Pedobacter_himalayensis	P. himalayensis
Xanthomonas_oryzae	X. oryzae
Oribacterium_parvum	Ori. parvum
Eubacterium_sp_An11	Eub. sp. An11
Lachnoclostridium_phytofermentans	L. phytofermentans
Haematobacter_massiliensis	H. massiliensis
Chryseobacterium_takakiae	Chr. takakiae
Brachybacterium_alimentarium	Bra. alimentarium
Edwardsiella_tarda	E. tarda
Mogibacterium_diversum	Mog. diversum
Prevotella_buccalis	P. buccalis
Turicimonas_muris	T. muris
Bacteroides_sp_CAG_598	Bac. sp. CAG-598
Pseudomonas_chengduensis	P. chengduensis
Trueperella_bernardiae	T. bernardiae
Rickettsia_asembonensis	R. asembonensis
Citrobacter_pasteurii	C. pasteurii
Finegoldia_magna	F. magna
Dorea_sp_CAG_317	Dor. sp. CAG-317
Lysinibacillus_fusiformis	L. fusiformis
Corynebacterium_xerosis	Cor. xerosis
Romboutsia_lituseburensis	R. lituseburensis
Leptotrichia_sp_oral_taxon_212	Lep. sp. oral-taxon-212
Williamsia_sp_1138	Wil. sp. 1138
Yersinia_frederiksenii	Y. frederiksenii
Prevotella_corporis	P. corporis
Pseudomonas_sp_57B_090624	Pse. sp. 57B-090624
Methylobacterium_aquaticum	Met. aquaticum
Brachybacterium_nesterenkovii	Bra. nesterenkovii
Chryseobacterium_scophthalmum	Chr. scophthalmum
Leptospira_sp_E8	Lep. sp. E8
Ochrobactrum_intermedium	O. intermedium
Prevotella_sp_CAG_755	Pre. sp. CAG-755
Anaerobacillus_macyae	A. macyae
Paracoccus_versutus	P. versutus
Pasteurella_canis	P. canis
Chitinophagaceae_bacterium_IBVUCB2	Chi. bacterium IBVUCB2
Clostridium_sp_CAG_632	Clo. sp. CAG-632
Corynebacterium_glucuronolyticum	Cor. glucuronolyticum
Deinococcus_reticulitermitis	D. reticulitermitis
Peptoniphilus_sp_DNF00840	Pep. sp. DNF00840
Haemophilus_haemoglobinophilus	H. haemoglobinophilus
Mycolicibacterium_bacteremicum	Myc. bacteremicum
Megamonas_hypermegale	M. hypermegale
Leucobacter_sp_7_1	Leu. sp. 7-1
Methanobrevibacter_smithii	M. smithii
Rothia_aeria	R. aeria
Bradyrhizobium_sp_DOA9	Bra. sp. DOA9
Anaerotruncus_colihominis	A. colihominis
Sphingomonas_sp_OV641	Sph. sp. OV641
Helcococcus_kunzii	H. kunzii
Mycobacterium_timonense	Myc. timonense
Nakamurella_silvestris	N. silvestris
Bacillaceae_bacterium_EAG3	Bac. bacterium EAG3
Peptoniphilus_duerdenii	P. duerdenii
Desulfovibrionaceae_bacterium	Des. bacterium
Stenotrophomonas_koreensis	S. koreensis
Pseudoflavonifractor_sp_An184	Pse. sp. An184
Fusobacterium_necrogenes	Fus. necrogenes
Kosakonia_oryzae	K. oryzae
Corynebacterium_auriscanis	Cor. auriscanis
Proteus_penneri	P. penneri
Arthrobacter_sp_Leaf234	Art. sp. Leaf234
Haemophilus_influenzae	H. influenzae
Raoultella_ornithinolytica	R. ornithinolytica
Paenibacillus_macerans	P. macerans
Arthrobacter_sp_EPSL27	Art. sp. EPSL27
Clostridium_saccharolyticum	C. saccharolyticum
Christensenella_minuta	C. minuta
Prevotella_copri	P. copri
Eubacterium_yurii	Eub. yurii
Lachnospiraceae_bacterium_oral_taxon_096	Lac. bacterium oral-taxon-096
Clostridium_neonatale	C. neonatale
Lactobacillus_pantheris	L. pantheris
Roseiflexus_sp_RS_1	Ros. sp. RS-1
Selenomonas_flueggei	S. flueggei
Sphingopyxis_sp_H050	Sph. sp. H050
Lactococcus_plantarum	L. plantarum
Dialister_succinatiphilus	D. succinatiphilus
Psychrobacter_sp_Cmf_22_2	Psy. sp. Cmf-22-2
Pseudomonas_sp_NS1_2017	Pse. sp. NS1-2017
Parvimonas_sp_oral_taxon_393	Par. sp. oral-taxon-393
Coprococcus_catus	C. catus
Odoribacter_laneus	O. laneus
Coprococcus_comes	C. comes
Bacillus_clausii	B. clausii
Alistipes_sp_CAG_831	Ali. sp. CAG-831
Faecalitalea_cylindroides	F. cylindroides
Varibaculum_cambriense	V. cambriense
Corynebacterium_provencense	Cor. provencense
Ruminococcus_obeum_CAG_39	R. obeum CAG-39
Caulobacter_vibrioides	C. vibrioides
Fusobacterium_nucleatum	Fus. nucleatum
Acholeplasma_oculi	A. oculi
Burkholderiales_bacterium_RIFCSPHIGHO2_01_FULL_63_240	Bur. bacterium RIFCSPHIGHO2-01-FULL-63-240
Eubacterium_callanderi	Eub. callanderi
Stenotrophomonas_pavanii	S. pavanii
Brevundimonas_diminuta	B. diminuta
Bacillus_murimartini	B. murimartini
Caulobacter_radicis	C. radicis
Pediococcus_stilesii	P. stilesii
Flavonifractor_sp_An10	Fla. sp. An10
Brevibacillus_parabrevis	B. parabrevis
Bacteroides_eggerthii	B. eggerthii
Peptostreptococcus_stomatis	P. stomatis
Lysinibacillus_sp_B2A1	Lys. sp. B2A1
Azospirillum_lipoferum	A. lipoferum
Faecalicoccus_pleomorphus	F. pleomorphus
Eubacterium_ramulus	Eub. ramulus
Dialister_micraerophilus	D. micraerophilus
Kosakonia_sacchari	K. sacchari
Aureimonas_altamirensis	A. altamirensis
Enterococcus_cecorum	E. cecorum
Desulfobulbus_oralis	D. oralis
Capnocytophaga_cynodegmi	C. cynodegmi
Ruminococcus_sp_CAG_624	Rum. sp. CAG-624
Micrococcus_terreus	M. terreus
Kytococcus_sedentarius	K. sedentarius
Alistipes_onderdonkii	A. onderdonkii
Stenotrophomonas_sp_BIIR7	Ste. sp. BIIR7
Staphylococcus_kloosii	S. kloosii
Obesumbacterium_proteus	Obe. proteus
Vibrio_kanaloae	V. kanaloae
Raoultella_sp_T31	Rao. sp. T31
Treponema_putidum	T. putidum
Acidovorax_temperans	A. temperans
Lactobacillus_nagelii	L. nagelii
Microbacterium_oxydans	Mic. oxydans
Pseudomonas_fluorescens_group	P. fluorescens group
Bacteroides_massiliensis	B. massiliensis
Alloprevotella_rava	A. rava
Lactobacillus_pontis	L. pontis
Pseudomonas_sp_21	Pse. sp. 21
Brevibacterium_paucivorans	Bre. paucivorans
Firmicutes_bacterium_CAG_95	Fir. bacterium CAG-95
Leuconostoc_pseudomesenteroides	L. pseudomesenteroides
Porphyromonas_canoris	P. canoris
Pedobacter_sp_AJM	Ped. sp. AJM
Lactobacillus_fermentum	L. fermentum
Brevundimonas_nasdae	B. nasdae
Bifidobacterium_bohemicum	Bif. bohemicum
Lactobacillus_rhamnosus	L. rhamnosus
Rhodococcus_qingshengii	R. qingshengii
Streptococcus_uberis	S. uberis
Alistipes_sp_CHKCI003	Ali. sp. CHKCI003
Proteus_hauseri	P. hauseri
Lactobacillus_sanfranciscensis	L. sanfranciscensis
Selenomonas_sp_oral_taxon_138	Sel. sp. oral-taxon-138
Paenibacillus_thiaminolyticus	P. thiaminolyticus
Lactobacillus_crustorum	L. crustorum
Tessaracoccus_flavescens	T. flavescens
Geodermatophilus_obscurus	G. obscurus
Pantoea_conspicua	P. conspicua
Aerococcus_sanguinicola	A. sanguinicola
Selenomonas_sp_oral_taxon_892	Sel. sp. oral-taxon-892
Rhodanobacter_sp_TND4EH1	Rho. sp. TND4EH1
Corynebacterium_sp_CNJ_954	Cor. sp. CNJ-954
Prevotella_multisaccharivorax	P. multisaccharivorax
Bifidobacterium_kashiwanohense	Bif. kashiwanohense
Clostridium_sp_CAG_253	Clo. sp. CAG-253
Frigoribacterium_sp_Leaf186	Fri. sp. Leaf186
Neisseria_flavescens	N. flavescens
Lachnospiraceae_bacterium_2_1_46FAA	Lac. bacterium 2-1-46FAA
Porphyromonas_gingivicanis	P. gingivicanis
Leptotrichia_sp_oral_taxon_498	Lep. sp. oral-taxon-498
Streptomyces_sp_PT12	Str. sp. PT12
Pseudomonas_psychrotolerans	P. psychrotolerans
Lactobacillus_murinus	L. murinus
Corynebacterium_accolens	Cor. accolens
Porphyromonas_catoniae	P. catoniae
Williamsia_sp_Leaf354	Wil. sp. Leaf354
Serratia_rubidaea	S. rubidaea
Thermus_scotoductus	T. scotoductus
Klebsiella_variicola	K. variicola
Porphyromonas_gulae	P. gulae
Mycobacterium_lepraemurium	Myc. lepraemurium
Clostridioides_difficile	C. difficile
Clostridium_paraputrificum	C. paraputrificum
Oribacterium_sp_oral_taxon_078	Ori. sp. oral-taxon-078
Streptococcus_infantarius	S. infantarius
Prevotella_multiformis	P. multiformis
Nocardia_farcinica	N. farcinica
Lachnoclostridium_sp_An181	Lac. sp. An181
Lactobacillus_senioris	L. senioris
Globicatella_sanguinis	Globicatella_sanguinis
Yersinia_enterocolitica	Y. enterocolitica
Raoultella_planticola	R. planticola
Sphingomonas_sp_PP_CE_3G_477	Sph. sp. PP-CE-3G-477
Lactobacillus_otakiensis	L. otakiensis
Bifidobacterium_choerinum	Bif. choerinum
Janthinobacterium_sp_S3_2	Jan. sp. S3-2
Lactobacillus_acidipiscis	L. acidipiscis
Blautia_producta	B. producta
Achromobacter_arsenitoxydans	A. arsenitoxydans
Coprococcus_eutactus	C. eutactus
Treponema_maltophilum	T. maltophilum
Eubacterium_minutum	Eub. minutum
Actinobaculum_massiliense	A. massiliense
Campylobacter_hyointestinalis	C. hyointestinalis
Parabacteroides_chinchillae	P. chinchillae
Methyloceanibacter_marginalis	M. marginalis
Haemophilus_sp_C1	Hae. sp. C1
Ensifer_adhaerens	E. adhaerens
Franconibacter_helveticus	F. helveticus
Clostridium_baratii	C. baratii
Methanosphaera_cuniculi	M. cuniculi
Sphingobacterium_multivorum	Sph. multivorum
Bacteroides_salyersiae	B. salyersiae
Methanobacterium_formicicum	Met. formicicum
Lactobacillus_hordei	L. hordei
Parabacteroides_merdae	P. merdae
Fusobacterium_necrophorum	Fus. necrophorum
Acinetobacter_towneri	A. towneri
Weissella_viridescens	W. viridescens
Bacillus_horneckiae	B. horneckiae
Corynebacterium_kroppenstedtii	Cor. kroppenstedtii
Lachnoclostridium_sp_An169	Lac. sp. An169
Enterococcus_gallinarum	E. gallinarum
Rhodococcus_gordoniae	R. gordoniae
Micrococcus_lylae	M. lylae
Actinomyces_europaeus	A. europaeus
Bacteroides_sp_An322	Bac. sp. An322
Leuconostoc_gelidum	L. gelidum
Escherichia_coli	E. coli
Sphingopyxis_granuli	S. granuli
Sphingopyxis_sp_LC363	Sph. sp. LC363
Romboutsia_ilealis	R. ilealis
Xanthomonas_arboricola	X. arboricola
Bacteroides_xylanolyticus	B. xylanolyticus
Mycolicibacterium_monacense	Myc. monacense
Ralstonia_mannitolilytica	R. mannitolilytica
Prevotella_baroniae	P. baroniae
Providencia_stuartii	P. stuartii
Muribaculum_intestinale	M. intestinale
Acinetobacter_bohemicus	A. bohemicus
Pedobacter_sp_Leaf41	Ped. sp. Leaf41
Salmonella_enterica	S. enterica
Psychrobacter_fozii	P. fozii
Parabacteroides_goldsteinii	P. goldsteinii
Synergistes_jonesii	S. jonesii
Candidatus_Pelagibacter_ubique	C. Pelagibacter ubique
Enterococcus_hirae	E. hirae
Lysobacter_enzymogenes	L. enzymogenes
Citrobacter_europaeus	C. europaeus
Corynebacterium_callunae	Cor. callunae
Prevotella_sp_CAG_1058	Pre. sp. CAG-1058
Lactobacillus_parabuchneri	L. parabuchneri
Microcoleus_sp_PCC_7113	Mic. sp. PCC-7113
Prevotella_oris	P. oris
Corynebacterium_diphtheriae	Cor. diphtheriae
Moraxella_lacunata	M. lacunata
Luteimonas_sp_83_4	Lut. sp. 83-4
Bacteroidetes_oral_taxon_274	B. oral taxon-274
Leifsonia_sp_Root112D2	Lei. sp. Root112D2
Alistipes_sp_An31A	Ali. sp. An31A
Enterococcus_mundtii	E. mundtii
Peptostreptococcus_anaerobius	P. anaerobius
Streptococcus_sinensis	S. sinensis
Eubacteriaceae_bacterium_CHKCI005	Eub. bacterium CHKCI005
Peptoniphilus_sp_BV3C26	Pep. sp. BV3C26
Clostridium_spiroforme	C. spiroforme
Buttiauxella_agrestis	B. agrestis
Pseudonocardia_ammonioxydans	P. ammonioxydans
Porphyromonas_somerae	P. somerae
Staphylococcus_piscifermentans	S. piscifermentans
Escherichia_sp_ESNIH1	Esc. sp. ESNIH1
Bacillus_sp_FJAT_18017	Bac. sp. FJAT-18017
Capnocytophaga_haemolytica	C. haemolytica
Lactobacillus_homohiochii	L. homohiochii
Aerococcus_viridans	A. viridans
Eubacterium_siraeum	Eub. siraeum
Sphingobacterium_spiritivorum	Sph. spiritivorum
Lactobacillus_panis	L. panis
Clostridium_butyricum	C. butyricum
Acinetobacter_indicus	A. indicus
Nocardioides_currus	N. currus
Peptoniphilus_lacrimalis	P. lacrimalis
Paenibacillus_lautus	P. lautus
Campylobacter_ureolyticus	C. ureolyticus
Clostridium_sp_SY8519	Clo. sp. SY8519
Advenella_kashmirensis	A. kashmirensis
Microlunatus_soli	M. soli
Alistipes_inops	A. inops
Campylobacter_showae	C. showae
Helicobacter_acinonychis	H. acinonychis
Wohlfahrtiimonas_sp_G9077	Woh. sp. G9077
Rahnella_aquatilis	R. aquatilis
Parabacteroides_gordonii	P. gordonii
Flavonifractor_plautii	F. plautii
Citrobacter_sp_MGH106	Cit. sp. MGH106
Ottowia_oryzae	O. oryzae
Paraprevotella_clara	P. clara
Staphylococcus_gallinarum	S. gallinarum
Eisenbergiella_tayi	E. tayi
Haemophilus_quentini	H. quentini
Anaerofilum_sp_An201	Ana. sp. An201
Corynebacterium_ureicelerivorans	Cor. ureicelerivorans
Fusicatenibacter_saccharivorans	F. saccharivorans
Prevotella_jejuni	P. jejuni
Providencia_alcalifaciens	P. alcalifaciens
Rickettsia_hoogstraalii	R. hoogstraalii
Corynebacterium_lowii	Cor. lowii
Pseudomonas_moraviensis	P. moraviensis
Dietzia_maris	D. maris
Pseudomonas_flexibilis	P. flexibilis
Ruminococcus_bromii	R. bromii
Paracoccus_sediminis	P. sediminis
Frigoribacterium_sp_Leaf164	Fri. sp. Leaf164
Escherichia_marmotae	E. marmotae
Acinetobacter_johnsonii	A. johnsonii
Oxalobacter_formigenes	O. formigenes
Cronobacter_sakazakii	C. sakazakii
Acinetobacter_celticus	A. celticus
Bacteroides_caecimuris	B. caecimuris
Caulobacter_flavus	C. flavus
Janibacter_hoylei	J. hoylei
Paraprevotella_xylaniphila	P. xylaniphila
Selenomonas_artemidis	S. artemidis
Xanthomonadaceae_bacterium_NML07_0707	Xan. bacterium NML07-0707
Kouleothrix_aurantiaca	K. aurantiaca
Arthrobacter_alpinus	A. alpinus
Xanthomonas_translucens	X. translucens
Elizabethkingia_meningoseptica	E. meningoseptica
Mycolicibacterium_novocastrense	Myc. novocastrense
Lachnoclostridium_sp_An138	Lac. sp. An138
Helicobacter_canis	H. canis
Marvinbryantia_formatexigens	M. formatexigens
Limnochorda_pilosa	L. pilosa
Staphylococcus_xylosus	S. xylosus
Phascolarctobacterium_sp_CAG_266	Pha. sp. CAG-266
Weissella_minor	W. minor
Vagococcus_martis	V. martis
Desulfovibrio_vulgaris	D. vulgaris
Selenomonas_sp_oral_taxon_126	Sel. sp. oral-taxon-126
Staphylococcus_epidermidis	S. epidermidis
Corynebacterium_afermentans	Cor. afermentans
Enterococcus_gilvus	E. gilvus
Bacillus_sp_7504_2	Bac. sp. 7504-2
Enterococcus_sulfureus	E. sulfureus
Mycolicibacter_heraklionensis	M. heraklionensis
Bacillus_pumilus	B. pumilus
Photobacterium_phosphoreum	Pho. phosphoreum
Facklamia_languida	F. languida
Clostridium_hylemonae	C. hylemonae
Burkholderia_contaminans	B. contaminans
Bifidobacterium_adolescentis	Bif. adolescentis
Janibacter_sp_Soil728	Jan. sp. Soil728
Rothia_sp	R. sp
Shewanella_xiamenensis	S. xiamenensis
Anaerotruncus_sp_CAG_528	Ana. sp. CAG-528
Acinetobacter_ursingii	A. ursingii
Ottowia_sp_oral_taxon_894	Ott. sp. oral-taxon-894
Leptotrichia_sp_oral_taxon_215	Lep. sp. oral-taxon-215
Dorea_formicigenerans	D. formicigenerans
Sphingomonas_hankookensis	S. hankookensis
Prevotella_sp_885	Pre. sp. 885
Neisseria_sp_oral_taxon_014	Nei. sp. oral-taxon-014
Mycobacterium_grossiae	Myc. grossiae
Sanguibacteroides_justesenii	S. justesenii
Mycobacterium_gordonae	Myc. gordonae
Alkalibacterium_thalassium	Alk. thalassium
Streptococcus_salivarius_CAG_79	S. salivarius CAG-79
Klebsiella_quasipneumoniae	K. quasipneumoniae
Prevotella_disiens	P. disiens
Prevotella_sp_CAG_485	Pre. sp. CAG-485
Paenibacillus_pasadenensis	P. pasadenensis
Kluyvera_cryocrescens	K. cryocrescens
Treponema_denticola	T. denticola
Eisenbergiella_massiliensis	E. massiliensis
Anaeromassilibacillus_sp_An250	Ana. sp. An250
Pseudomonas_seleniipraecipitans	P. seleniipraecipitans
Erwinia_billingiae	E. billingiae
Janibacter_melonis	J. melonis
Prevotella_salivae	P. salivae
Dialister_sp_CAG_357	Dia. sp. CAG-357
Prevotella_timonensis	P. timonensis
Prevotella_sp_MGM2	Pre. sp. MGM2
Brevibacillus_brevis	B. brevis
Pseudomonas_rhizosphaerae	P. rhizosphaerae
Firmicutes_bacterium_CAG_791	Fir. bacterium CAG-791
Pseudomonas_weihenstephanensis	P. weihenstephanensis
Dermabacter_vaginalis	D. vaginalis
Bacteroides_sp_CAG_927	Bac. sp. CAG-927
Antricoccus_suffuscus	A. suffuscus
Bradyrhizobium_sp_STM_3809	Bra. sp. STM-3809
Staphylococcus_equorum	S. equorum
Chryseobacterium_hominis	Chr. hominis
Prolinoborus_fasciculus	P. fasciculus
Staphylococcus_saprophyticus	S. saprophyticus
Eubacterium_infirmum	Eub. infirmum
Moraxella_lincolnii	M. lincolnii
Neisseria_sp_HMSC064E01	Nei. sp. HMSC064E01
Mycobacterium_tuberculosis	Myc. tuberculosis
Bifidobacterium_animalis	Bif. animalis
Capnocytophaga_sp_oral_taxon_863	Cap. sp. oral-taxon-863
Prevotella_nigrescens	P. nigrescens
Bacteroides_salanitronis	B. salanitronis
Streptococcus_equinus	S. equinus
Pseudoxanthomonas_sp_CF385	Pse. sp. CF385
Dietzia_psychralcaliphila	D. psychralcaliphila
Barnesiella_intestinihominis	B. intestinihominis
Mixta_calida	M. calida
Corynebacterium_casei	Cor. casei
Plantibacter_flavus	P. flavus
Blautia_sp_An249	Bla. sp. An249
Denitrobacterium_detoxificans	Den. detoxificans
Clostridium_perfringens	C. perfringens
Eikenella_sp_NML02_A_017	Eik. sp. NML02-A-017
Acidovorax_sp_GW101_3H11	Aci. sp. GW101-3H11
Corynebacterium_simulans	Cor. simulans
Pseudomonas_lactis	P. lactis
Prevotella_sp_CAG_1031	Pre. sp. CAG-1031
Roseomonas_rosea	R. rosea
Chryseobacterium_chaponense	Chr. chaponense
Neisseria_lactamica	N. lactamica
Elusimicrobium_sp_An273	Elu. sp. An273
Porphyromonadaceae_bacterium_COT_184_OH4590	Por. bacterium COT-184-OH4590
Methanosphaera_sp_rholeuAM74	Met. sp. rholeuAM74
Sphingomonas_aurantiaca	S. aurantiaca
Tsukamurella_tyrosinosolvens	T. tyrosinosolvens
Veillonella_seminalis	V. seminalis
Streptococcus_lutetiensis	S. lutetiensis
Actinomyces_naeslundii	A. naeslundii
Streptomyces_purpurogeneiscleroticus	S. purpurogeneiscleroticus
Lactobacillus_senmaizukei	L. senmaizukei
Delftia_tsuruhatensis	D. tsuruhatensis
Methanobrevibacter_thaueri	M. thaueri
Shewanella_morhuae	S. morhuae
Capnocytophaga_leadbetteri	C. leadbetteri
Streptococcus_parasanguinis	S. parasanguinis
Cutibacterium_avidum	Cut. avidum
Brevibacillus_reuszeri	B. reuszeri
Staphylococcus_capitis	S. capitis
Streptococcus_pseudopneumoniae	S. pseudopneumoniae
Desulfovibrio_fairfieldensis	D. fairfieldensis
Turicibacter_sanguinis	T. sanguinis
Streptococcus_mitis	S. mitis
Corynebacterium_matruchotii	Cor. matruchotii
Candidatus_Gastranaerophilales_bacterium	Can. Gastranaerophilales bacterium
Bifidobacterium_psychraerophilum	Bif. psychraerophilum
Megasphaera_sp_BV3C16_1	Meg. sp. BV3C16-1
Oscillibacter_sp_CAG_241	Osc. sp. CAG-241
Acinetobacter_radioresistens	A. radioresistens
Leptotrichia_hofstadii	L. hofstadii
Veillonella_sp_T11011_6	Vei. sp. T11011-6
Leuconostoc_mesenteroides	L. mesenteroides
Campylobacter_hominis	C. hominis
Bifidobacterium_scardovii	Bif. scardovii
Ruminococcaceae_bacterium_D16	Rum. bacterium D16
Morganella_morganii	M. morganii
Serratia_sp_M24T3	Ser. sp. M24T3
Melissococcus_sp_OM08_11BH	Mel. sp. OM08-11BH
Allisonella_histaminiformans	A. histaminiformans
Xanthomonas_alfalfae	X. alfalfae
Pseudomonas_taetrolens	P. taetrolens
Streptococcus_sp_oral_taxon_056	Str. sp. oral-taxon-056
Mobiluncus_curtisii	M. curtisii
Lactobacillus_diolivorans	L. diolivorans
Lactobacillus_antri	L. antri
Pseudomonas_psychrophila	P. psychrophila
Bacteroides_nordii	B. nordii
Prevotella_denticola	P. denticola
Psychrobacter_sp_JB385	Psy. sp. JB385
Pluralibacter_gergoviae	P. gergoviae
Mitsuokella_multacida	M. multacida
Peptoniphilus_asaccharolyticus	P. asaccharolyticus
Roseomonas_cervicalis	R. cervicalis
Belnapia_rosea	B. rosea
Candidatus_Methanomassiliicoccus_intestinalis	C. Methanomassiliicoccus intestinalis
Bacillus_megaterium	B. megaterium
Staphylococcus_simulans	S. simulans
Enterobacter_soli	E. soli
Lactobacillus_rogosae	L. rogosae
Lachnoclostridium_sp_An298	Lac. sp. An298
Brachybacterium_sp_UMB0905	Bra. sp. UMB0905
Chroococcidiopsis_thermalis	C. thermalis
Anoxybacillus_pushchinoensis	A. pushchinoensis
Nesterenkonia_sandarakina	N. sandarakina
Streptomyces_griseorubiginosus	S. griseorubiginosus
Blautia_sp_N6H1_15	Bla. sp. N6H1-15
Phascolarctobacterium_succinatutens	Pha. succinatutens
Pseudonocardia_autotrophica	P. autotrophica
Haemophilus_parainfluenzae	H. parainfluenzae
Stenotrophomonas_ginsengisoli	S. ginsengisoli
Ruminococcus_bicirculans	R. bicirculans
Rhodococcus_hoagii	R. hoagii
Acinetobacter_idrijaensis	A. idrijaensis
Proteobacteria_bacterium_SG_bin4	Pro. bacterium SG-bin4
Harryflintia_acetispora	H. acetispora
Vibrio_furnissii	V. furnissii
Klebsiella_variicola_CAG_634	K. variicola CAG-634
Bacillus_safensis	B. safensis
Lactobacillus_kefiri	L. kefiri
Aeromonas_media	A. media
Crinalium_epipsammum	C. epipsammum
Actinomyces_hordeovulneris	A. hordeovulneris
Neisseria_dumasiana	N. dumasiana
Pseudoflavonifractor_capillosus	P. capillosus
Prevotella_saccharolytica	P. saccharolytica
Ruminococcus_torques	R. torques
Vogesella_sp_EB	Vog. sp. EB
Lactobacillus_sunkii	L. sunkii
Marmoricola_scoriae	M. scoriae
Intestinimonas_butyriciproducens	I. butyriciproducens
Amycolatopsis_niigatensis	A. niigatensis
Clostridium_bolteae	C. bolteae
Glutamicibacter_sp	G. sp
Scardovia_inopinata	S. inopinata
Agitococcus_lubricus	A. lubricus
Corynebacterium_ammoniagenes	Cor. ammoniagenes
Corynebacterium_kefirresidentii	Cor. kefirresidentii
Lactobacillus_mucosae	L. mucosae
Methylobacterium_radiotolerans	Met. radiotolerans
Staphylococcus_nepalensis	S. nepalensis
Shuttleworthia_satelles	S. satelles
Thermoleophilum_album	T. album
Alkalibacterium_olivapovliticus	Alk. olivapovliticus
Gemmata_obscuriglobus	G. obscuriglobus
Lactobacillus_acidophilus	L. acidophilus
Clostridium_sp_CAG_964	Clo. sp. CAG-964
Clostridium_botulinum	C. botulinum
Lachnoanaerobaculum_saburreum	L. saburreum
Mycolicibacterium_fortuitum	Myc. fortuitum
Mycolicibacterium_chubuense	Myc. chubuense
Serratia_fonticola	S. fonticola
Jeotgalicoccus_halophilus	J. halophilus
Pseudoglutamicibacter_albus	P. albus
Bacteroides_caccae	B. caccae
Prevotella_sp_oral_taxon_306	Pre. sp. oral-taxon-306
Lactobacillus_saerimneri	L. saerimneri
Lactobacillus_gigeriorum	L. gigeriorum
Pyrococcus_yayanosii	P. yayanosii
Chryseobacterium_hispanicum	Chr. hispanicum
Knoellia_aerolata	K. aerolata
Lactobacillus_manihotivorans	L. manihotivorans
Streptococcus_oralis	S. oralis
Lysinibacillus_sphaericus	L. sphaericus
Bacteroides_coagulans	B. coagulans
Tepidimonas_fonticaldi	T. fonticaldi
Brevibacterium_luteolum	Bre. luteolum
Pseudomonas_guguanensis	P. guguanensis
Clostridium_sp_CAG_411	Clo. sp. CAG-411
Actinomyces_oris	A. oris
Chryseobacterium_sp_AG844	Chr. sp. AG844
Empedobacter_falsenii	E. falsenii
Enterococcus_raffinosus	E. raffinosus
Streptococcus_sp_SK643	Str. sp. SK643
Anaerococcus_tetradius	A. tetradius
Nocardioides_lianchengensis	N. lianchengensis
Propionibacterium_namnetense	Pro. namnetense
Gordonia_polyisoprenivorans	G. polyisoprenivorans
Hafnia_alvei	H. alvei
Lactobacillus_sakei	L. sakei
Paraclostridium_bifermentans	P. bifermentans
Acidaminococcus_fermentans	A. fermentans
Roseburia_sp_CAG_471	Ros. sp. CAG-471
Dietzia_alimentaria	D. alimentaria
Leucobacter_komagatae	L. komagatae
Gordonia_sputi	G. sputi
Sodalis_praecaptivus	S. praecaptivus
Atopobium_parvulum	A. parvulum
Leptotrichia_goodfellowii	L. goodfellowii
Weissella_cibaria	W. cibaria
Actinomyces_sp_HMSC035G02	Act. sp. HMSC035G02
Clostridium_celatum	C. celatum
Acetivibrio_ethanolgignens	A. ethanolgignens
Kosakonia_radicincitans	K. radicincitans
Elizabethkingia_miricola	E. miricola
Prevotella_histicola	P. histicola
Massiliomicrobiota_timonensis	M. timonensis
Actinomycetospora_cinnamomea	A. cinnamomea
Blautia_hansenii	B. hansenii
Eubacterium_hallii	Eub. hallii
Streptococcus_suis	S. suis
Acidovorax_sp_HMWF029	Aci. sp. HMWF029
Anaerocolumna_aminovalerica	A. aminovalerica
Parvimonas_sp_KA00067	Par. sp. KA00067
Prevotella_bivia	P. bivia
Streptococcus_cristatus	S. cristatus
Streptococcus_sp_A12	Str. sp. A12
Bifidobacterium_longum	Bif. longum
Oligella_ureolytica	O. ureolytica
Cellulosilyticum_lentocellum	C. lentocellum
Treponema_saccharophilum	T. saccharophilum
Prevotella_marshii	P. marshii
Fimbriiglobus_ruber	F. ruber
Streptococcus_gallolyticus	S. gallolyticus
Dorea_longicatena	D. longicatena
Pasteurella_dagmatis	P. dagmatis
Roseburia_sp_CAG_303	Ros. sp. CAG-303
Massilia_timonae	M. timonae
Eubacterium_limosum	Eub. limosum
Pseudomonas_deceptionensis	P. deceptionensis
Lactobacillus_algidus	L. algidus
Mycolicibacterium_gilvum	Myc. gilvum
Clostridium_beijerinckii	C. beijerinckii
Rubrobacter_radiotolerans	R. radiotolerans
Enterobacter_mori	E. mori
Pseudoramibacter_alactolyticus	P. alactolyticus
Methyloceanibacter_superfactus	M. superfactus
Prevotella_sp_CAG_891	Pre. sp. CAG-891
Alistipes_putredinis	A. putredinis
Xanthomonas_phaseoli	X. phaseoli
Enterococcus_casseliflavus	E. casseliflavus
Prevotella_colorans	P. colorans
Streptococcus_parauberis	S. parauberis
Gluconobacter_cerinus	G. cerinus
Dietzia_sp_JS16_p6b	Die. sp. JS16-p6b
Lactobacillus_farraginis	L. farraginis
Arthrobacter_pityocampae	A. pityocampae
Moraxella_atlantae	M. atlantae
Paeniclostridium_sordellii	P. sordellii
Ruthenibacterium_lactatiformans	Rut. lactatiformans
Actinomyces_sp_oral_taxon_897	Act. sp. oral-taxon-897
Streptococcus_sp_NLAE_zl_C503	Str. sp. NLAE-zl-C503
Clostridium_symbiosum	C. symbiosum
Pseudocitrobacter_faecalis	P. faecalis
Citrobacter_youngae	C. youngae
Staphylococcus_pasteuri	S. pasteuri
Staphylococcus_condimenti	S. condimenti
Blastomonas_sp	B. sp
Gordonia_jacobaea	G. jacobaea
Providencia_rettgeri	P. rettgeri
Neisseria_polysaccharea	N. polysaccharea
Paenibacillus_solani	P. solani
Staphylococcus_sciuri	S. sciuri
Dermacoccus_nishinomiyaensis	D. nishinomiyaensis
Kluyvera_intermedia	K. intermedia
Lactobacillus_fuchuensis	L. fuchuensis
Paenibacillus_sp_7884_2	Pae. sp. 7884-2
Ochrobactrum_lupini	O. lupini
Clostridium_sp_MSTE9	Clo. sp. MSTE9
Roseburia_faecis	R. faecis
Corynebacterium_tuscaniense	Cor. tuscaniense
Eremococcus_coleocola	E. coleocola
Butyrivibrio_crossotus	B. crossotus
Candidatus_Nitrosocosmicus_oleophilus	C. Nitrosocosmicus oleophilus
Curtobacterium_sp_MCLR17_032	Cur. sp. MCLR17-032
Fusobacterium_ulcerans	Fus. ulcerans
Brachyspira_sp_CAG_700	Bra. sp. CAG-700
Gilliamella_apicola	G. apicola
Paracoccus_solventivorans	P. solventivorans
Enterococcus_avium	E. avium
Paenibacillus_odorifer	P. odorifer
Mycobacterium_avium	Myc. avium
Firmicutes_bacterium_CAG_94	Fir. bacterium CAG-94
Bifidobacterium_merycicum	Bif. merycicum
Acinetobacter_pittii	A. pittii
Thiohalorhabdus_denitrificans	T. denitrificans
Ureaplasma_parvum	U. parvum
Prevotella_bergensis	P. bergensis
Lactobacillus_vaginalis	L. vaginalis
Haematobacter_genomosp_1	H. genomosp 1
Actinomyces_johnsonii	Actinomyces_johnsonii
Bordetella_pertussis	B. pertussis
Mobiluncus_mulieris	M. mulieris
Ruminococcus_sp_CAG_579	Rum. sp. CAG-579
Treponema_vincentii	T. vincentii
Bacillus_hisashii	B. hisashii
Methanobrevibacter_ruminantium	M. ruminantium
Tissierellia_bacterium_KA00581	Tis. bacterium KA00581
Geodermatophilus_sp_DSM_45219	Geo. sp. DSM-45219
Micrococcus_aloeverae	M. aloeverae
Methylorubrum_extorquens	M. extorquens
Acinetobacter_brisouii	A. brisouii
Slackia_isoflavoniconvertens	S. isoflavoniconvertens
Corynebacterium_lipophiloflavum	Cor. lipophiloflavum
Dickeya_chrysanthemi	D. chrysanthemi
Thermomonas_hydrothermalis	T. hydrothermalis
Nocardioides_alpinus	N. alpinus
Gordonia_alkanivorans	G. alkanivorans
Cellulosimicrobium_aquatile	C. aquatile
Aquamicrobium_defluvii	A. defluvii
Streptococcus_gordonii	S. gordonii
Enterococcus_dispar	E. dispar
Staphylococcus_hominis	S. hominis
Actinomyces_graevenitzii	A. graevenitzii
Tyzzerella_sp_An114	Tyz. sp. An114
Prevotella_sp_CAG_520	Pre. sp. CAG-520
Actinomyces_massiliensis	A. massiliensis
Mycobacterium_sp_IS_1590	Myc. sp. IS-1590
Serratia_marcescens	S. marcescens
Alistipes_timonensis	A. timonensis
Anaeromassilibacillus_sp_An200	Ana. sp. An200
Mycolicibacterium_iranicum	Myc. iranicum
Pseudomonas_sp_OV467	Pse. sp. OV467
Lactococcus_raffinolactis	L. raffinolactis
Serinicoccus_sp_JLT9	Ser. sp. JLT9
Bacillus_shackletonii	B. shackletonii
Enterobacter_sp_638	Ent. sp. 638
Vagococcus_teuberi	V. teuberi
Bifidobacterium_angulatum	Bif. angulatum
Neisseria_subflava	N. subflava
Selenomonas_infelix	S. infelix
Kytococcus_schroeteri	K. schroeteri
Bacteroides_coprophilus	B. coprophilus
Firmicutes_bacterium_CAG_110	Fir. bacterium CAG-110
Coprobacillus_cateniformis	C. cateniformis
Curtobacterium_flaccumfaciens	Cur. flaccumfaciens
Bacteroides_stercorirosoris	B. stercorirosoris
Peptostreptococcus_sp_MV1	Pep. sp. MV1
Kosakonia_oryzendophytica	K. oryzendophytica
Blautia_coccoides	B. coccoides
Clostridium_hiranonis	C. hiranonis
Negativicoccus_succinicivorans	N. succinicivorans
Prevotella_shahii	P. shahii
Clostridium_sp_C105KSO13	Clo. sp. C105KSO13
Prevotella_sp_S7_1_8	Pre. sp. S7-1-8
Enhydrobacter_aerosaccus	E. aerosaccus
Moraxella_catarrhalis	M. catarrhalis
Microbacterium_paraoxydans	Mic. paraoxydans
Actinomyces_sp_ICM47	Act. sp. ICM47
Lactobacillus_vaccinostercus	L. vaccinostercus
Leuconostoc_garlicum	L. garlicum
Helicobacter_cinaedi	H. cinaedi
Sharpea_azabuensis	S. azabuensis
Bosea_sp_Leaf344	Bos. sp. Leaf344
Enterococcus_canintestini	E. canintestini
Alistipes_shahii	A. shahii
Frigoribacterium_sp_Leaf8	Fri. sp. Leaf8
Erwinia_persicina	E. persicina
Staphylococcus_caprae	S. caprae
Cupriavidus_metallidurans	C. metallidurans
Gordonia_amicalis	G. amicalis
Corynebacterium_pseudogenitalium	Cor. pseudogenitalium
Pseudomonas_sp_OV508	Pse. sp. OV508
Weissella_thailandensis	W. thailandensis
Eubacterium_nodatum	Eub. nodatum
Peptoniphilus_grossensis	P. grossensis
Aeromonas_rivipollensis	A. rivipollensis
Clostridium_asparagiforme	C. asparagiforme
Ochrobactrum_thiophenivorans	O. thiophenivorans
Faecalicatena_contorta	F. contorta
Lactobacillus_gastricus	L. gastricus
Parabacteroides_chartae	P. chartae
Lactococcus_lactis	L. lactis
Corynebacterium_sp_HMSC058E07	Cor. sp. HMSC058E07
Aerococcus_christensenii	A. christensenii
Salinicoccus_roseus	S. roseus
Vibrio_fluvialis	V. fluvialis
Stenotrophomonas_rhizophila	S. rhizophila
Helicobacter_trogontum	H. trogontum
Gordonia_iterans	G. iterans
Thermus_parvatiensis	T. parvatiensis
Macrococcus_caseolyticus	M. caseolyticus
Prevotella_sp_CAG_1185	Pre. sp. CAG-1185
Weissella_confusa	W. confusa
Pantoea_eucrina	P. eucrina
Campylobacter_upsaliensis	C. upsaliensis
Enterococcus_faecalis	E. faecalis
Aeromonas_allosaccharophila	A. allosaccharophila
Bifidobacterium_magnum	Bif. magnum
Dichotomicrobium_thermohalophilum	D. thermohalophilum
Lactobacillus_mindensis	L. mindensis
Faecalibacterium_prausnitzii	Fae. prausnitzii
Fusobacterium_sp_oral_taxon_370	Fus. sp. oral-taxon-370
Corynebacterium_amycolatum	Cor. amycolatum
Alistipes_sp_An66	Ali. sp. An66
Lactobacillus_gallinarum	L. gallinarum
Clostridium_argentinense	C. argentinense
Enterobacter_lignolyticus	E. lignolyticus
Bifidobacterium_tsurumiense	Bif. tsurumiense
Corynebacterium_sp_NML130628	Cor. sp. NML130628
Lactobacillus_iners	L. iners
Alcaligenes_faecalis	A. faecalis
Oligella_urethralis	O. urethralis
Bacteroides_fragilis	B. fragilis
Acinetobacter_tandoii	A. tandoii
Ornithinimicrobium_sp_AMA3305	Orn. sp. AMA3305
Prevotella_sp_CAG_617	Pre. sp. CAG-617
Barnesiella_sp_An55	Bar. sp. An55
Sphingomonas_indica	S. indica
Streptococcus_sp_oral_taxon_058	Str. sp. oral-taxon-058
Firmicutes_bacterium_CAG_555	Fir. bacterium CAG-555
Anaerotignum_lactatifermentans	A. lactatifermentans
Streptococcus_urinalis	S. urinalis
Murimonas_intestini	M. intestini
Paracoccus_contaminans	P. contaminans
Streptococcus_pneumoniae	S. pneumoniae
Lactobacillus_farciminis	L. farciminis
Paracoccus_sphaerophysae	P. sphaerophysae
Helicobacter_pullorum	H. pullorum
Knoellia_flava	K. flava
Mitsuokella_sp_oral_taxon_131	Mit. sp. oral-taxon-131
Enterococcus_faecium	E. faecium
Paracoccus_mutanolyticus	P. mutanolyticus
Lactobacillus_harbinensis	L. harbinensis
Klebsiella_pneumoniae	K. pneumoniae
Lactobacillus_reuteri	L. reuteri
Corynebacterium_freneyi	Cor. freneyi
Enterococcus_pseudoavium	E. pseudoavium
Porphyromonas_asaccharolytica	P. asaccharolytica
Lactobacillus_kitasatonis	L. kitasatonis
Lawsonia_intracellularis	L. intracellularis
Butyricimonas_synergistica	B. synergistica
Lachnoclostridium_sp_An76	Lac. sp. An76
Solimonas_fluminis	S. fluminis
Capnocytophaga_sp_oral_taxon_338	Cap. sp. oral-taxon-338
Kingella_oralis	K. oralis
Mucispirillum_schaedleri	M. schaedleri
Weissella_halotolerans	W. halotolerans
Megasphaera_stantonii	M. stantonii
Helicobacter_fennelliae	H. fennelliae
Caulobacter_sp_X	Cau. sp. X
Phyllobacterium_myrsinacearum	Phy. myrsinacearum
Eubacterium_coprostanoligenes	Eub. coprostanoligenes
Gemella_morbillorum	G. morbillorum
Mycobacterium_canettii	Myc. canettii
Burkholderia_pyrrocinia	B. pyrrocinia
Lactobacillus_parafarraginis	L. parafarraginis
Saccharopolyspora_flava	S. flava
Streptococcus_canis	S. canis
Actinotignum_urinale	A. urinale
Ruminococcaceae_bacterium_D5	Rum. bacterium D5
Eubacterium_sulci	Eub. sulci
Bacteroides_clarus	B. clarus
Desulfotomaculum_ruminis	D. ruminis
Corynebacterium_striatum	Cor. striatum
Proteus_mirabilis	P. mirabilis
Streptococcus_peroris	S. peroris
Corynebacterium_pyruviciproducens	Cor. pyruviciproducens
Plesiomonas_shigelloides	P. shigelloides
Pantoea_ananatis	P. ananatis
Leuconostoc_kimchii	L. kimchii
Hydrogenoanaerobacterium_saccharovorans	Hyd. saccharovorans
Corynebacterium_coyleae	Cor. coyleae
Bacteroides_reticulotermitis	B. reticulotermitis
Kosakonia_sp_S29	Kos. sp. S29
Streptococcus_agalactiae	S. agalactiae
Aerococcus_urinae	A. urinae
Proteobacteria_bacterium_CAG_139	Pro. bacterium CAG-139
Hydrogenophilus_thermoluteolus	H. thermoluteolus
Neisseria_elongata	N. elongata
Bacteroides_pectinophilus	B. pectinophilus
Arcanobacterium_haemolyticum	Arc. haemolyticum
Lactobacillus_apis	L. apis
Bacteroides_faecis_CAG_32	B. faecis CAG-32
Klebsiella_oxytoca	K. oxytoca
Bacillus_coagulans	Bacillus_coagulans
Pseudomonas_geniculata	P. geniculata
Enterococcus_malodoratus	E. malodoratus
Intestinibacter_bartlettii	I. bartlettii
Tolypothrix_campylonemoides	T. campylonemoides
Pantoea_brenneri	P. brenneri
Bacillus_intestinalis	B. intestinalis
Absiella_dolichum	A. dolichum
Bacillus_haynesii	B. haynesii
Blautia_obeum	B. obeum
Streptococcus_troglodytae	S. troglodytae
Eubacterium_sp_CAG_180	Eub. sp. CAG-180
Cloacibacillus_sp_An23	Clo. sp. An23
Corynebacterium_jeikeium	Cor. jeikeium
Anaerolineaceae_bacterium_oral_taxon_439	Ana. bacterium oral-taxon-439
Capnocytophaga_canis	C. canis
Pseudomonas_formosensis	P. formosensis
Microbacterium_sp_H83	Mic. sp. H83
Porphyromonas_sp_HMSC065F10	Por. sp. HMSC065F10
Pantoea_sp_PSNIH6	Pan. sp. PSNIH6
Firmicutes_bacterium_CAG_646	Fir. bacterium CAG-646
Pediococcus_acidilactici	P. acidilactici
Streptomyces_albus	S. albus
Streptococcus_pasteurianus	S. pasteurianus
Actinomyces_hongkongensis	A. hongkongensis
Lactobacillus_salivarius	L. salivarius
Stomatobaculum_longum	S. longum
Corynebacterium_mustelae	Cor. mustelae
Corynebacterium_urealyticum	Cor. urealyticum
Corynebacterium_aurimucosum	Cor. aurimucosum
Atlantibacter_hermannii	A. hermannii
Atopobium_deltae	A. deltae
Ochrobactrum_haematophilum	O. haematophilum
Ruminococcus_gnavus	R. gnavus
Pseudomonas_silesiensis	P. silesiensis
Modestobacter_marinus	M. marinus
Pseudoalteromonas_nigrifaciens	P. nigrifaciens
Eubacterium_maltosivorans	Eub. maltosivorans
Megamonas_funiformis	M. funiformis
Methanomassiliicoccales_archaeon_RumEn_M1	M. archaeon RumEn-M1
Flavobacterium_ummariense	Fla. ummariense
Mycolicibacter_arupensis	M. arupensis
Barnesiella_sp_An22	Bar. sp. An22
Bacteroides_pyogenes	B. pyogenes
Gemmiger_sp_An194	Gem. sp. An194
Agrobacterium_tumefaciens	Agr. tumefaciens
Prevotella_sp_CAG_5226	Pre. sp. CAG-5226
Pyramidobacter_piscolens	P. piscolens
Bacteroides_oleiciplenus	B. oleiciplenus
Actinotignum_timonense	A. timonense
Aeromonas_salmonicida	A. salmonicida
Brachybacterium_muris	Bra. muris
Anaerostipes_hadrus	A. hadrus
Blautia_sp_CAG_257	Bla. sp. CAG-257
Staphylococcus_pseudintermedius	S. pseudintermedius
Massilia_oculi	M. oculi
Propionimicrobium_lymphophilum	P. lymphophilum
Haemophilus_parahaemolyticus	H. parahaemolyticus
Mycobacteroides_abscessus	M. abscessus
Capnocytophaga_ochracea	C. ochracea
Alistipes_finegoldii	A. finegoldii
Paenibacillus_polysaccharolyticus	P. polysaccharolyticus
Klebsiella_grimontii	K. grimontii
Oenococcus_alcoholitolerans	O. alcoholitolerans
Lactobacillus_kimbladii	L. kimbladii
Mycoplasma_sp_HU2014	Myc. sp. HU2014
Moellerella_wisconsensis	M. wisconsensis
Microvirgula_aerodenitrificans	M. aerodenitrificans
Cronobacter_dublinensis	C. dublinensis
Meiothermus_silvanus	M. silvanus
Prevotella_amnii	P. amnii
Desemzia_incerta	D. incerta
Leptotrichia_buccalis	L. buccalis
Fusobacterium_hwasookii	Fus. hwasookii
Holdemania_filiformis	H. filiformis
Lactococcus_petauri	L. petauri
Mycolicibacterium_tusciae	Myc. tusciae
Sphingomonas_melonis	S. melonis
Rickettsia_akari	R. akari
Pseudomonas_antarctica	P. antarctica
Clostridium_sp_CAG_510	Clo. sp. CAG-510
Candidatus_Stoquefichus_sp_KLE1796	Can. sp. KLE1796
Sneathia_amnii	S. amnii
Deinococcus_grandis	D. grandis
Helicobacter_pylori	H. pylori
Citrobacter_freundii	C. freundii
Lactobacillus_jensenii	L. jensenii
Stenotrophomonas_maltophilia	S. maltophilia
Helicobacter_winghamensis	H. winghamensis
Lactobacillus_equicursoris	L. equicursoris
Prevotella_enoeca	P. enoeca
Succinatimonas_hippei	S. hippei
Staphylococcus_succinus	S. succinus
Kluyvera_georgiana	K. georgiana
Enorma_massiliensis	Enorma_massiliensis
Bacillus_altitudinis	B. altitudinis
Corynebacterium_nuruki	Cor. nuruki
Nocardiopsis_sp_L17_MgMaSL7	Noc. sp. L17-MgMaSL7
Desulfovibrio_sp_An276	Des. sp. An276
Staphylococcus_petrasii	S. petrasii
Anaerococcus_hydrogenalis	A. hydrogenalis
Klebsiella_quasivariicola	K. quasivariicola
Lactobacillus_ultunensis	L. ultunensis
Kocuria_varians	K. varians
Morococcus_cerebrosus	M. cerebrosus
Pseudomonas_coleopterorum	P. coleopterorum
Pseudescherichia_vulneris	P. vulneris
Anaerostipes_caccae	A. caccae
Bifidobacterium_anseris	Bif. anseris
Lactobacillus_coryniformis	L. coryniformis
Microbacterium_sp_MYb45	Mic. sp. MYb45
Williamsia_marianensis	W. marianensis
Ochrobactrum_anthropi	O. anthropi
Roseomonas_aestuarii	R. aestuarii
Paraclostridium_benzoelyticum	P. benzoelyticum
Campylobacter_concisus	C. concisus
Methanobrevibacter_sp_87_7	Met. sp. 87-7
Agrobacterium_deltaense	Agr. deltaense
Aggregatibacter_sp_oral_taxon_458	Agg. sp. oral-taxon-458
Photobacterium_aquimaris	Pho. aquimaris
Coprobacter_secundus	C. secundus
Duganella_sp_Leaf61	Dug. sp. Leaf61
Exiguobacterium_sp_AT1b	Exi. sp. AT1b
Actinomyces_viscosus	A. viscosus
Atopobium_vaginae	A. vaginae
Comamonas_terrigena	C. terrigena
Bifidobacterium_thermacidophilum	Bif. thermacidophilum
Psychrobacter_piechaudii	P. piechaudii
Gordonibacter_pamelaeae	G. pamelaeae
Megasphaera_sp_MJR8396C	Meg. sp. MJR8396C
Rhodococcus_pyridinivorans	R. pyridinivorans
Solibacillus_silvestris	S. silvestris
Veillonella_montpellierensis	V. montpellierensis
Roseburia_sp_499	Ros. sp. 499
Acinetobacter_gandensis	A. gandensis
Acinetobacter_baumannii	A. baumannii
Leptotrichia_sp_oral_taxon_847	Lep. sp. oral-taxon-847
Tannerella_sp_oral_taxon_HOT_286	Tan. sp. oral-taxon-HOT-286
Massilia_sp_LC238	Mas. sp. LC238
Bifidobacterium_asteroides	Bif. asteroides
Pseudarthrobacter_phenanthrenivorans	P. phenanthrenivorans
Streptococcus_pyogenes	S. pyogenes
Nocardioides_szechwanensis	N. szechwanensis
Actinomyces_meyeri	A. meyeri
Pseudomonas_lundensis	P. lundensis
Kocuria_polaris	K. polaris
Clostridium_citroniae	C. citroniae
Chryseobacterium_bovis	Chr. bovis
Bavariicoccus_seileri	B. seileri
Facklamia_ignava	F. ignava
Ornithinimicrobium_pekingense	O. pekingense
Leptotrichia_sp_oral_taxon_225	Lep. sp. oral-taxon-225
Leptotrichia_wadei	L. wadei
Collinsella_aerofaciens	C. aerofaciens
Abiotrophia_defectiva	A. defectiva
Fusobacterium_periodonticum	Fus. periodonticum
Bifidobacterium_pseudolongum	Bif. pseudolongum
Avibacterium_paragallinarum	Avi. paragallinarum
Microbacterium_chocolatum	Mic. chocolatum
Thermus_thermophilus	T. thermophilus
Corynebacterium_otitidis	Cor. otitidis
Ochrobactrum_pseudogrignonense	O. pseudogrignonense
Porphyromonas_sp_COT_239_OH1446	Por. sp. COT-239-OH1446
Tatumella_ptyseos	T. ptyseos
Staphylococcus_warneri	S. warneri
Pseudomonas_kunmingensis	P. kunmingensis
Shewanella_baltica	S. baltica
Acinetobacter_haemolyticus	A. haemolyticus
Corynebacterium_argentoratense	Cor. argentoratense
Staphylococcus_arlettae	S. arlettae
Clostridium_tyrobutyricum	C. tyrobutyricum
Butyribacterium_methylotrophicum	But. methylotrophicum
Flavobacterium_sp_FEMGT703F	Fla. sp. FEMGT703F
Microbacterium_sp_CSI_V	Mic. sp. CSI-V
Clostridium_disporicum	C. disporicum
Propionibacterium_freudenreichii	Pro. freudenreichii
Staphylococcus_auricularis	S. auricularis
Lactobacillus_pentosus	L. pentosus
Roseomonas_mucosa	R. mucosa
Pseudomonas_yamanorum	P. yamanorum
Streptococcus_mutans	S. mutans
Clostridium_saccharobutylicum	C. saccharobutylicum
Kocuria_rhizophila	K. rhizophila
Victivallis_vadensis	V. vadensis
Firmicutes_bacterium_CAG_170	Fir. bacterium CAG-170
Treponema_berlinense	T. berlinense
Arthrobacter_agilis	A. agilis
Deinococcus_radiodurans	D. radiodurans
Tyzzerella_nexilis	T. nexilis
Patulibacter_medicamentivorans	P. medicamentivorans
Janthinobacterium_sp_AD80	Jan. sp. AD80
Paenibacillus_lactis	Paenibacillus_lactis
Selenomonas_noxia	S. noxia
Clostridium_sp_7_2_43FAA	Clo. sp. 7-2-43FAA
Oscillatoria_nigro_viridis	O. nigro viridis
Globicatella_sulfidifaciens	G. sulfidifaciens
Janthinobacterium_lividum	Jan. lividum
Cardiobacterium_hominis	Car. hominis
Propionibacterium_acidifaciens	Pro. acidifaciens
Paraburkholderia_tropica	P. tropica
Fusobacterium_gonidiaformans	Fus. gonidiaformans
Alcaligenes_aquatilis	A. aquatilis
Cronobacter_malonaticus	C. malonaticus
Enterococcus_canis	E. canis
Moraxella_canis	M. canis
Sphingobacterium_lactis	Sph. lactis
Acidaminococcus_sp_CAG_542	Aci. sp. CAG-542
Bifidobacterium_minimum	Bif. minimum
Clostridium_scindens	C. scindens
Paenibacillus_amylolyticus	P. amylolyticus
Chryseobacterium_vrystaatense	Chr. vrystaatense
Pseudomonas_sp_TTU2014_080ASC	Pse. sp. TTU2014-080ASC
Deinococcus_geothermalis	D. geothermalis
Raoultella_terrigena	R. terrigena
Ruminococcus_lactaris	R. lactaris
Gordonia_otitidis	G. otitidis
Rhodococcus_kroppenstedtii	R. kroppenstedtii
Bacteroides_sp_43_108	Bac. sp. 43-108
Eubacterium_sp_68_3_10	Eub. sp. 68-3-10
Megasphaera_hexanoica	M. hexanoica
Corynebacterium_stationis	Cor. stationis
Actinomyces_sp_oral_taxon_180	Act. sp. oral-taxon-180
Serratia_proteamaculans	S. proteamaculans
Bacteroides_cellulosilyticus	B. cellulosilyticus
Laribacter_hongkongensis	L. hongkongensis
Clostridium_sp_chh4_2	Clo. sp. chh4-2
Rheinheimera_sp_EpRS3	Rhe. sp. EpRS3
Methanobrevibacter_arboriphilus	M. arboriphilus
Bacteroides_galacturonicus	B. galacturonicus
Butyrivibrio_sp_CAG_318	But. sp. CAG-318
Brevundimonas_naejangsanensis	B. naejangsanensis
Lactobacillus_amylovorus	L. amylovorus
Geobacillus_stearothermophilus	G. stearothermophilus
Dietzia_cinnamea	D. cinnamea
Porphyromonas_sp_oral_taxon_278	Por. sp. oral-taxon-278
Actinobaculum_sp_oral_taxon_183	Act. sp. oral-taxon-183
Dysgonomonas_gadei	D. gadei
Brevibacterium_casei	Bre. casei
Bifidobacterium_pullorum	Bif. pullorum
Flavobacterium_lindanitolerans	Fla. lindanitolerans
Weissella_hellenica	W. hellenica
Corynebacterium_sp_HMSC08A12	Cor. sp. HMSC08A12
Chryseobacterium_joostei	Chr. joostei
Gordonia_lacunae	G. lacunae
Prevotella_pallens	P. pallens
Pseudomonas_hunanensis	P. hunanensis
Exiguobacterium_indicum	Exi. indicum
Frischella_perrara	F. perrara
Tepidiphilus_thermophilus	Tepidiphilus_thermophilus
Desulfovibrio_sp_MES5	Des. sp. MES5
Staphylococcus_sp_NAM3COL9	Sta. sp. NAM3COL9
Streptococcus_anginosus_group	S. anginosus group
Prevotella_sp_CAG_1124	Pre. sp. CAG-1124
Fusobacterium_naviforme	Fus. naviforme
Actinomyces_sp_S6_Spd3	Act. sp. S6-Spd3
Anaerococcus_vaginalis	A. vaginalis
Aggregatibacter_segnis	A. segnis
Pantoea_agglomerans	P. agglomerans
Glutamicibacter_soli	G. soli
Ruminococcus_sp_CAG_563	Rum. sp. CAG-563
Firmicutes_bacterium_CAG_145	Fir. bacterium CAG-145
Streptococcus_australis	S. australis
Odoribacter_splanchnicus	O. splanchnicus
Psychrobacter_sp_1501_2011	Psy. sp. 1501-2011
Haemophilus_paraphrohaemolyticus	H. paraphrohaemolyticus
Oscillibacter_sp_57_20	Osc. sp. 57-20
Schwartzia_succinivorans	S. succinivorans
Pectobacterium_parmentieri	Pec. parmentieri
Mycolicibacterium_conceptionense	Myc. conceptionense
Dielma_fastidiosa	D. fastidiosa
Dysgonomonas_mossii	D. mossii
Mycobacterium_sp_Root265	Myc. sp. Root265
Gemmiger_formicilis	G. formicilis
Leptotrichia_sp_oral_taxon_879	Lep. sp. oral-taxon-879
Veillonella_sp_CAG_933	Vei. sp. CAG-933
Campylobacter_coli	C. coli
Prevotella_maculosa	P. maculosa
Aeriscardovia_aeriphila	A. aeriphila
Bifidobacterium_indicum	Bif. indicum
Streptococcus_sp_HMSC070B10	Str. sp. HMSC070B10
Prevotella_veroralis	P. veroralis
Streptococcus_sp_M334	Str. sp. M334
Achromobacter_xylosoxidans	A. xylosoxidans
Microbacterium_sp_Root553	Mic. sp. Root553
Streptococcus_vestibularis	S. vestibularis
Cellulosimicrobium_cellulans	C. cellulans
Salinicoccus_qingdaonensis	S. qingdaonensis
Wohlfahrtiimonas_chitiniclastica	W. chitiniclastica
Campylobacter_jejuni	C. jejuni
Sporosarcina_globispora	S. globispora
Eubacterium_saphenum	Eub. saphenum
Psychrobacter_cryohalolentis	P. cryohalolentis
Mycoplasma_hyorhinis	M. hyorhinis
Microbacterium_laevaniformans	Mic. laevaniformans
Alkanindiges_sp_H1	Alk. sp. H1
Bacteroides_sp_CAG_661	Bac. sp. CAG-661
Paracoccus_yeei	P. yeei
Peptoniphilus_sp_oral_taxon_386	Pep. sp. oral-taxon-386
Mediterranea_sp_An20	Med. sp. An20
Hydrogenibacillus_schlegelii	H. schlegelii
Bacteroides_sp_CAG_443	Bac. sp. CAG-443
Bacteroides_faecichinchillae	B. faecichinchillae
Chryseobacterium_taklimakanense	Chr. taklimakanense
Psychrobacter_pasteurii	P. pasteurii
Campylobacter_rectus	C. rectus
Eubacterium_brachy	Eub. brachy
Methanosphaera_sp_SHI1033	Met. sp. SHI1033
Kocuria_palustris	K. palustris
Porphyromonas_macacae	P. macacae
Veillonella_dispar	V. dispar
Weissella_paramesenteroides	W. paramesenteroides
Lactobacillus_zymae	L. zymae
Agrococcus_pavilionensis	A. pavilionensis
Actinomyces_georgiae	A. georgiae
Erysipelatoclostridium_ramosum	E. ramosum
Bacillus_butanolivorans	B. butanolivorans
Acidovorax_caeni	A. caeni
Lactobacillus_parakefiri	L. parakefiri
Faecalibaculum_rodentium	F. rodentium
Gardnerella_vaginalis	G. vaginalis
Gordonia_aichiensis	G. aichiensis
Pseudomonas_versuta	P. versuta
Mycobacteroides_chelonae	M. chelonae
Agreia_sp_VKM_Ac_1783	Agr. sp. VKM-Ac-1783
Pyramidobacter_sp_C12_8	Pyr. sp. C12-8
Enterococcus_saccharolyticus	E. saccharolyticus
Halomonas_boliviensis	H. boliviensis
Cryobacterium_arcticum	Cry. arcticum
Salinicola_sp_MIT1003	Sal. sp. MIT1003
Vibrio_cholerae	V. cholerae
Sanguibacter_sp_Leaf3	San. sp. Leaf3
Corynebacterium_sp_BCW_4722	Cor. sp. BCW-4722
Bacteroides_sp_CAG_462	Bac. sp. CAG-462
Bradyrhizobium_sp_Leaf396	Bra. sp. Leaf396
Campylobacter_curvus	C. curvus
Bacillus_sp_FJAT_27916	Bac. sp. FJAT-27916
Streptococcus_sp_HMSC071D03	Str. sp. HMSC071D03
Lactobacillus_crispatus	L. crispatus
Agathobaculum_butyriciproducens	A. butyriciproducens
Mycoplasma_cynos	M. cynos
Brevibacillus_formosus	B. formosus
Helicobacter_sp_11_8110	Hel. sp. 11-8110
Veillonella_denticariosi	V. denticariosi
Bacillus_halodurans	B. halodurans
Treponema_succinifaciens	T. succinifaciens
Clostridium_innocuum	C. innocuum
Acidovorax_sp_KKS102	Aci. sp. KKS102
Sphingomonas_sp_Leaf20	Sph. sp. Leaf20
Clostridium_sp_CAG_58	Clo. sp. CAG-58
Lactobacillus_dextrinicus	L. dextrinicus
Pasteurella_multocida	P. multocida
Porphyromonas_uenonis	P. uenonis
Clostridium_sp_CAG_590	Clo. sp. CAG-590
Actinomyces_sp_oral_taxon_414	Act. sp. oral-taxon-414
Lachnoanaerobaculum_umeaense	L. umeaense
Pseudomonas_fragi	P. fragi
Brevundimonas_sp_DS20	Bre. sp. DS20
Aliivibrio_logei	A. logei
Faecalicatena_orotica	F. orotica
Pantoea_vagans	P. vagans
Proteus_vulgaris	P. vulgaris
Psychrobacter_pacificensis	P. pacificensis
Bifidobacterium_pseudocatenulatum	Bif. pseudocatenulatum
Haemophilus_pittmaniae	H. pittmaniae
Anoxybacillus_flavithermus	A. flavithermus
Kocuria_marina	K. marina
Peptostreptococcaceae_bacterium_oral_taxon_113	Pep. bacterium oral-taxon-113
Corynebacterium_variabile	Cor. variabile
Lactococcus_piscium	L. piscium
Dickeya_fangzhongdai	D. fangzhongdai
Kluyvera_intestini	K. intestini
Streptococcus_milleri	S. milleri
Lactobacillus_plantarum	Lactobacillus_plantarum
Roseomonas_gilardii	R. gilardii
Bacteroides_zoogleoformans	B. zoogleoformans
Pseudomonas_lurida	P. lurida
Brevibacterium_linens	Bre. linens
Gemmiger_sp_An50	Gem. sp. An50
Anaerostipes_sp_992a	Ana. sp. 992a
Variovorax_paradoxus	V. paradoxus
Methyloversatilis_sp_RAC08	Met. sp. RAC08
Streptococcus_hongkongensis	S. hongkongensis
Bacteroides_sp_OM08_11	Bac. sp. OM08-11
Acinetobacter_sp_TGL_Y2	Aci. sp. TGL-Y2
Catenibacterium_mitsuokai	Cat. mitsuokai
Sporosarcina_newyorkensis	S. newyorkensis
Acidipropionibacterium_acidipropionici	Aci. acidipropionici
Klebsiella_michiganensis	K. michiganensis
Eubacterium_sp_CAG_251	Eub. sp. CAG-251
Sphingomonas_paucimobilis	S. paucimobilis
Bacteroides_sp_CAG_530	Bac. sp. CAG-530
Firmicutes_bacterium_CAG_83	Fir. bacterium CAG-83
Ochrobactrum_pituitosum	O. pituitosum
Firmicutes_bacterium_CAG_238	Fir. bacterium CAG-238
Bacteroides_sartorii	B. sartorii
Duganella_phyllosphaerae	D. phyllosphaerae
Facklamia_hominis	F. hominis
Mycolicibacterium_rhodesiae	Myc. rhodesiae
Bacteroides_xylanisolvens	B. xylanisolvens
Delftia_lacustris	D. lacustris
Spiroplasma_eriocheiris	S. eriocheiris
Dysgonomonas_sp_37_18	Dys. sp. 37-18
Fusobacterium_equinum	Fus. equinum
Abiotrophia_sp_HMSC24B09	Abi. sp. HMSC24B09
Shewanella_oneidensis	S. oneidensis
Haemophilus_sputorum	H. sputorum
Rheinheimera_sp_KL1	Rhe. sp. KL1
Sphingopyxis_alaskensis	S. alaskensis
Lactobacillus_brevis	L. brevis
Leclercia_adecarboxylata	L. adecarboxylata
Skermanella_aerolata	S. aerolata
Mogibacterium_timidum	Mog. timidum
Kocuria_kristinae	K. kristinae
Prevotella_sp_oral_taxon_299	Pre. sp. oral-taxon-299
Psychrobacter_piscatorii	P. piscatorii
Mycolicibacterium_rufum	Myc. rufum
Stenotrophomonas_acidaminiphila	S. acidaminiphila
Sphingomonas_koreensis	Sphingomonas_koreensis
Mycobacterium_syngnathidarum	Myc. syngnathidarum
Phytobacter_ursingii	P. ursingii
Halomonas_hydrothermalis	H. hydrothermalis
Rothia_dentocariosa	R. dentocariosa
Catellicoccus_marimammalium	C. marimammalium
Candidatus_Gastranaerophilales_bacterium_HUM_9	Can. Gastranaerophilales bacterium-HUM-9
Bacteroides_thetaiotaomicron	B. thetaiotaomicron
Paenibacillus_glucanolyticus	P. glucanolyticus
Acinetobacter_soli	A. soli
Tsukamurella_pulmonis	T. pulmonis
Brevibacterium_mcbrellneri	Bre. mcbrellneri
Enterococcus_columbae	E. columbae
Slackia_exigua	S. exigua
Campylobacter_mucosalis	C. mucosalis
Corynebacterium_durum	Cor. durum
Corynebacterium_sp_HMSC078H07	Cor. sp. HMSC078H07
Lactobacillus_rapi	L. rapi
Deinococcus_swuensis	D. swuensis
Parabacteroides_sp_CAG_409	Par. sp. CAG-409
Janibacter_sp_HTCC2649	Jan. sp. HTCC2649
Comamonas_sp_JNW	Com. sp. JNW
Neisseria_cinerea	N. cinerea
Shewanella_algae	S. algae
Chryseobacterium_sp_YLOS41	Chr. sp. YLOS41
Rodentibacter_heylii	R. heylii
Pantoea_allii	P. allii
Eubacterium_ventriosum	Eub. ventriosum
Eikenella_sp_NML130454	Eik. sp. NML130454
Clostridium_bornimense	C. bornimense
Serratia_liquefaciens	S. liquefaciens
Aeromonas_caviae	A. caviae
Acinetobacter_lwoffii	A. lwoffii
Bacillus_aryabhattai	B. aryabhattai
Gemmiger_sp_An87	Gem. sp. An87
Kosakonia_pseudosacchari	K. pseudosacchari
Bifidobacterium_dentium	Bif. dentium
Duganella_sp_Leaf126	Dug. sp. Leaf126
Clostridium_thermobutyricum	C. thermobutyricum
Sphingomonas_sp_Ag1	Sph. sp. Ag1
Collinsella_massiliensis	C. massiliensis
Kingella_negevensis	K. negevensis
Olsenella_uli	O. uli
Dialister_pneumosintes	D. pneumosintes
Bacteroides_fluxus	B. fluxus
Lactobacillus_satsumensis	L. satsumensis
Exiguobacterium_acetylicum	Exi. acetylicum
Leuconostoc_citreum	L. citreum
Bacteroides_sp_D2	Bac. sp. D2
Staphylococcus_vitulinus	S. vitulinus
Melaminivora_sp_SC2_9	Mel. sp. SC2-9
Luteipulveratus_halotolerans	L. halotolerans
Prevotella_loescheii	P. loescheii
Clostridium_leptum	C. leptum
Bifidobacterium_stellenboschense	Bif. stellenboschense
Sphingobium_yanoikuyae	S. yanoikuyae
Fusobacterium_varium	Fus. varium
Phascolarctobacterium_sp	Pha. sp
Citrobacter_farmeri	C. farmeri
Rhodanobacter_glycinis	R. glycinis
Prevotella_sp_CAG_1320	Pre. sp. CAG-1320
Aerococcus_urinaeequi	A. urinaeequi
Anaeroglobus_geminatus	A. geminatus
Lactobacillus_kalixensis	L. kalixensis
Citrobacter_koseri	C. koseri
Cruoricaptor_ignavus	C. ignavus
Simonsiella_muelleri	S. muelleri
Phascolarctobacterium_faecium	Pha. faecium
Arcobacter_butzleri	A. butzleri
Bacillus_thermoamylovorans	B. thermoamylovorans
Eubacterium_dolichum_CAG_375	Eub. dolichum CAG-375
Selenomonas_sp_oral_taxon_920	Sel. sp. oral-taxon-920
Terrisporobacter_othiniensis	T. othiniensis
Flavobacterium_aquidurense	Fla. aquidurense
Neisseria_bacilliformis	N. bacilliformis
Propionibacterium_sp_oral_taxon_192	Pro. sp. oral-taxon-192
Starkeya_novella	S. novella
Porphyromonas_cangingivalis	P. cangingivalis
Erwinia_gerundensis	E. gerundensis
Acidocella_sp_MX_AZ02	Aci. sp. MX-AZ02
Kocuria_indica	K. indica
Aggregatibacter_aphrophilus	A. aphrophilus
Serratia_sp_Leaf51	Ser. sp. Leaf51
Streptococcus_macedonicus	S. macedonicus
Mesorhizobium_sp_UASWS1009	Mes. sp. UASWS1009
Peptoniphilus_sp_HMSC062D09	Pep. sp. HMSC062D09
Pseudomonas_alcaliphila	P. alcaliphila
Nesterenkonia_jeotgali	N. jeotgali
Parabacteroides_distasonis	P. distasonis
Clostridium_sp_CAG_678	Clo. sp. CAG-678
Oenococcus_oeni	O. oeni
Burkholderia_cenocepacia	B. cenocepacia
Paracoccus_pantotrophus	P. pantotrophus
Eubacterium_eligens	Eub. eligens
Lactobacillus_helsingborgensis	L. helsingborgensis
Roseburia_sp_CAG_182	Ros. sp. CAG-182
Moraxella_sp_VT_16_12	Mor. sp. VT-16-12
Fretibacterium_fastidiosum	Fre. fastidiosum
Veillonella_parvula	V. parvula
Corynebacterium_sp_HMSC29G08	Cor. sp. HMSC29G08
Enterococcus_devriesei	E. devriesei
Megasphaera_elsdenii	M. elsdenii
Eikenella_corrodens	E. corrodens
Coprothermobacter_proteolyticus	C. proteolyticus
Pediococcus_parvulus	P. parvulus
Parasutterella_excrementihominis	P. excrementihominis
Acinetobacter_seifertii	A. seifertii
Clostridium_clostridioforme	C. clostridioforme
Jeotgalicoccus_halotolerans	J. halotolerans
Hafnia_paralvei	H. paralvei
Capnocytophaga_sp_oral_taxon_878	Cap. sp. oral-taxon-878
Bacteroides_faecis	B. faecis
Fusobacterium_sp_CAG_439	Fus. sp. CAG-439
Enterorhabdus_caecimuris	E. caecimuris
Pediococcus_inopinatus	P. inopinatus
Nannocystis_exedens	N. exedens
Pseudomonas_sp_Choline_02u_1	Pse. sp. Choline-02u-1
Chryseobacterium_indoltheticum	Chr. indoltheticum
Serratia_ureilytica	S. ureilytica
Neisseria_mucosa	N. mucosa
Brevibacillus_choshinensis	B. choshinensis
Akkermansia_glycaniphila	A. glycaniphila
Ralstonia_insidiosa	R. insidiosa
Candidatus_Methanomethylophilus_sp_1R26	Can. sp. 1R26
Ruminococcus_sp_CAG_403	Rum. sp. CAG-403
Rhodobacter_sphaeroides	R. sphaeroides
Bacillus_aerius	B. aerius
Bacteroides_vulgatus	B. vulgatus
Corynebacterium_doosanense	Cor. doosanense
Acinetobacter_beijerinckii	A. beijerinckii
Paludisphaera_borealis	P. borealis
Bifidobacterium_saeculare	Bif. saeculare
Lactobacillus_kisonensis	L. kisonensis
Leuconostoc_lactis	Leuconostoc_lactis
Rubellimicrobium_mesophilum	R. mesophilum
Dietzia_natronolimnaea	D. natronolimnaea
Corynebacterium_flavescens	Cor. flavescens
Corynebacterium_efficiens	Cor. efficiens
Streptococcus_sp_HMSC067H01	Str. sp. HMSC067H01
Streptococcus_sp_HPH0090	Str. sp. HPH0090
Roseburia_intestinalis	R. intestinalis
Catabacter_hongkongensis	C. hongkongensis
Prevotella_sp_oral_taxon_820	Pre. sp. oral-taxon-820
Actinomyces_cardiffensis	A. cardiffensis
Carnobacterium_maltaromaticum	Car. maltaromaticum
Cardiobacterium_valvarum	Car. valvarum
Immundisolibacter_cernigliae	I. cernigliae
Pseudomonas_graminis	P. graminis
Chelatococcus_daeguensis	C. daeguensis
Enterobacter_sp_RIT_418	Ent. sp. RIT-418
Scardovia_wiggsiae	S. wiggsiae
Sellimonas_intestinalis	S. intestinalis
Prevotella_dentalis	P. dentalis
Clostridium_sp_CAG_242	Clo. sp. CAG-242
Corynebacterium_glyciniphilum	Cor. glyciniphilum
Corynebacterium_oculi	Cor. oculi
Pseudomonas_helleri	P. helleri
Lactobacillus_delbrueckii	L. delbrueckii
Dolosicoccus_paucivorans	D. paucivorans
Anaerobiospirillum_thomasii	A. thomasii
Peptococcus_niger	P. niger
Pseudomonas_paralactis	P. paralactis
Devosia_riboflavina	D. riboflavina
Bifidobacterium_gallicum	Bif. gallicum
Bifidobacterium_breve	Bif. breve
Gordonia_paraffinivorans	G. paraffinivorans
Barnesiella_viscericola	B. viscericola
Janibacter_indicus	J. indicus
Kluyvera_ascorbata	K. ascorbata
Lactobacillus_curvatus	L. curvatus
Mycoplasma_bovis	M. bovis
Cloacibacillus_porcorum	C. porcorum
Sphingobacterium_cellulitidis	Sph. cellulitidis
Robinsoniella_sp_RHS	Rob. sp. RHS
Corynebacterium_falsenii	Cor. falsenii
Catonella_morbi	C. morbi
Pseudomonas_sp_HAR_UPW_AIA_41	Pse. sp. HAR-UPW-AIA-41
Ruminococcus_sp_CAG_488	Rum. sp. CAG-488
Veillonella_infantium	V. infantium
Streptococcus_sp_F0442	Str. sp. F0442
Lactobacillus_versmoldensis	L. versmoldensis
Kingella_denitrificans	K. denitrificans
Haemophilus_aegyptius	H. aegyptius
Prevotella_sp_AM42_24	Pre. sp. AM42-24
Bacillus_gobiensis	B. gobiensis
Methanosphaera_stadtmanae	M. stadtmanae
Asaccharobacter_celatus	A. celatus
Janthinobacterium_sp_64	Jan. sp. 64
Bifidobacterium_mongoliense	Bif. mongoliense
Alistipes_indistinctus	A. indistinctus
Fusobacterium_mortiferum	Fus. mortiferum
Eubacterium_sp_OM08_24	Eub. sp. OM08-24
Blastococcus_sp_DSM_44205	Bla. sp. DSM-44205
Hydrocarboniphaga_effusa	H. effusa
Rhodococcus_erythropolis	R. erythropolis
Hungatella_effluvii	H. effluvii
Corynebacterium_pseudodiphtheriticum	Cor. pseudodiphtheriticum
Lachnoclostridium_sp_An14	Lac. sp. An14
Weeksella_virosa	W. virosa
Citrobacter_amalonaticus	C. amalonaticus
Photobacterium_damselae	Pho. damselae
Elizabethkingia_anophelis	E. anophelis
Treponema_medium	T. medium
Brevibacterium_aurantiacum	Bre. aurantiacum
Actinomyces_sp_oral_taxon_448	Act. sp. oral-taxon-448
Pediococcus_damnosus	P. damnosus
Micrococcus_luteus	M. luteus
Lactococcus_garvieae	L. garvieae
Staphylococcus_haemolyticus	S. haemolyticus
Actinomyces_turicensis	A. turicensis
Gordonia_soli	Gordonia_soli
Prevotella_oulorum	P. oulorum
Actinomyces_denticolens	A. denticolens
Haematobacter_missouriensis	H. missouriensis
Acetomicrobium_flavidum	A. flavidum
Clostridiales_bacterium_1_7_47FAA	Clo. bacterium 1-7-47FAA
Lysobacter_soli	L. soli
Klebsiella_aerogenes	K. aerogenes
Pediococcus_argentinicus	P. argentinicus
Nocardiopsis_alba	N. alba
Lactobacillus_kefiranofaciens	L. kefiranofaciens
Lactobacillus_perolens	L. perolens
Pseudomonas_aeruginosa_group	P. aeruginosa group
Campylobacter_gracilis	C. gracilis
Nocardioides_exalbidus	N. exalbidus
Treponema_porcinum	T. porcinum
Sporosarcina_sp_HYO08	Spo. sp. HYO08
Selenomonas_sputigena	S. sputigena
Pediococcus_sp	P. sp
Mycolicibacterium_doricum	Myc. doricum
Actinomyces_sp_HPA0247	Act. sp. HPA0247
Microbacterium_sp_SZ1	Mic. sp. SZ1
Porphyromonas_circumdentaria	P. circumdentaria
Corynebacterium_mastitidis	Cor. mastitidis
Campylobacter_fetus	C. fetus
Kurthia_sp_11kri321	Kur. sp. 11kri321
Streptococcus_downei	S. downei
Tersicoccus_sp_Bi_70	Ter. sp. Bi-70
Capnocytophaga_granulosa	C. granulosa
Pseudomonas_simiae	P. simiae
Veillonella_tobetsuensis	V. tobetsuensis
Planifilum_fulgidum	P. fulgidum
Clavibacter_michiganensis	C. michiganensis
Delftia_acidovorans	D. acidovorans
Atopobium_minutum	A. minutum
Bradyrhizobium_lablabi	B. lablabi
Aeromonas_hydrophila	A. hydrophila
Bacteroides_finegoldii	B. finegoldii
Corynebacterium_sp_NML140438	Cor. sp. NML140438
Bosea_vaviloviae	B. vaviloviae
Kerstersia_gyiorum	K. gyiorum
Bifidobacterium_aquikefiri	Bif. aquikefiri
Sphingobacterium_faecium	Sph. faecium
Desulfomicrobium_orale	D. orale
Sphingopyxis_terrae	S. terrae
Chryseobacterium_gambrini	Chr. gambrini
Neisseria_macacae	N. macacae
Leuconostoc_carnosum	L. carnosum
Caulobacter_sp_FWC26	Cau. sp. FWC26
Tychonema_bourrellyi	T. bourrellyi
Pseudoalteromonas_tetraodonis	P. tetraodonis
Treponema_lecithinolyticum	T. lecithinolyticum
Providencia_rustigianii	P. rustigianii
Lysobacter_tolerans	L. tolerans
Pseudomonas_soli	P. soli
Akkermansia_muciniphila	A. muciniphila
Dialister_invisus	D. invisus
Corynebacterium_atypicum	Cor. atypicum
Enterococcus_italicus	E. italicus
Propionibacteriaceae_bacterium_NML_130396	Pro. bacterium NML-130396
Neisseria_shayeganii	N. shayeganii
Clostridium_sporogenes	C. sporogenes
Bacteroidales_bacterium_KA00344	Bac. bacterium KA00344
Calidifontibacter_indicus	C. indicus
Lactobacillus_paralimentarius	L. paralimentarius
Carnobacterium_inhibens	Car. inhibens
Herbaspirillum_sp	H. sp
Lactobacillus_helveticus	L. helveticus
Marmoricola_sp_Leaf446	Mar. sp. Leaf446
Janibacter_terrae	J. terrae
Azorhizobium_caulinodans	A. caulinodans
Bordetella_trematum	B. trematum
Mycolicibacterium_obuense	Myc. obuense
Treponema_socranskii	T. socranskii
Butyricimonas_virosa	B. virosa
Lactococcus_chungangensis	L. chungangensis
Bacteroidetes_bacterium_oral_taxon_272	Bac. bacterium oral-taxon-272
Prevotella_fusca	P. fusca
Centipeda_periodontii	C. periodontii
Arcobacter_cryaerophilus	A. cryaerophilus
Staphylococcus_aureus	S. aureus
Anaerofustis_stercorihominis	A. stercorihominis
Escherichia_albertii	E. albertii
Staphylococcus_cohnii	S. cohnii
Bifidobacterium_catenulatum	Bif. catenulatum
Gluconobacter_japonicus	G. japonicus
Anaerosporobacter_mobilis	A. mobilis
Corynebacterium_singulare	Cor. singulare
Clostridium_lavalense	C. lavalense
Pseudomonas_sp_2822_17	Pse. sp. 2822-17
Lactobacillus_ingluviei	L. ingluviei
Bacteroides_coprocola	B. coprocola
Glutamicibacter_mysorens	G. mysorens
Carnobacterium_divergens	Car. divergens
Perlucidibaca_sp_HR_E	Per. sp. HR-E
Enterobacter_sp_10_1	Ent. sp. 10-1
Citrobacter_sp_50677481	Cit. sp. 50677481
Methylorubrum_populi	M. populi
Escherichia_fergusonii	E. fergusonii
Romboutsia_hominis	R. hominis
Megamonas_rupellensis	M. rupellensis
Capnocytophaga_sputigena	C. sputigena
Methanobrevibacter_sp_AbM4	Met. sp. AbM4
Oribacterium_sinus	Ori. sinus
Bordetella_parapertussis	B. parapertussis
Microbacterium_aurum	Mic. aurum
Peptoniphilus_coxii	P. coxii
Corynebacterium_imitans	Cor. imitans
Superficieibacter_electus	S. electus
Flavonifractor_sp_An100	Fla. sp. An100
Acinetobacter_parvus	A. parvus
Streptococcus_sanguinis	S. sanguinis
Porphyromonas_crevioricanis	P. crevioricanis
Mycolicibacterium_peregrinum	Myc. peregrinum
Virgibacillus_pantothenticus	V. pantothenticus
Acidaminococcus_intestini	A. intestini
Clostridium_sartagoforme	C. sartagoforme
Dermacoccus_sp_PE3	Der. sp. PE3
Nocardiopsis_dassonvillei	N. dassonvillei
Pseudopropionibacterium_propionicum	Pse. propionicum
Clostridium_bolteae_CAG_59	C. bolteae CAG-59
Enterococcus_sp_3H8_DIV0648	Ent. sp. 3H8-DIV0648
Enterobacter_cloacae_complex	E. cloacae complex
Anaerococcus_nagyae	A. nagyae
Paracoccus_sanguinis	P. sanguinis
Neisseria_gonorrhoeae	N. gonorrhoeae
Porphyromonas_gingivalis	P. gingivalis
Bacteroides_sp_CAG_144	Bac. sp. CAG-144
Hephaestia_caeni	H. caeni
Corynebacterium_sp_HMSC04H06	Cor. sp. HMSC04H06
Actinomyces_sp_oral_taxon_181	Act. sp. oral-taxon-181
Neisseria_animaloris	N. animaloris
Pantoea_rwandensis	P. rwandensis
Rhizobium_pusense	R. pusense
Corynebacterium_glaucum	Cor. glaucum
Bacillus_simplex	B. simplex
Tetrasphaera_australiensis	T. australiensis
Streptococcus_sp_HMSC034E03	Str. sp. HMSC034E03
Capnocytophaga_canimorsus	C. canimorsus
Pseudomonas_parafulva	P. parafulva
Prevotella_scopos	P. scopos
Paracoccus_sp_WN007	Par. sp. WN007
Mycolicibacterium_tokaiense	Myc. tokaiense
Lactobacillus_paraplantarum	L. paraplantarum
Agrococcus_jejuensis	A. jejuensis
Streptococcus_infantis	S. infantis
Treponema_sp_OMZ_838	Tre. sp. OMZ-838
Pantoea_dispersa	P. dispersa
Dolosigranulum_pigrum	D. pigrum
Acinetobacter_oleivorans	A. oleivorans
Blastococcus_aggregatus	B. aggregatus
Pseudomonas_grimontii	P. grimontii
Bacteroides_heparinolyticus	B. heparinolyticus
Corynebacterium_appendicis	Cor. appendicis
Lactonifactor_longoviformis	L. longoviformis
Propionibacterium_humerusii	Pro. humerusii
Clostridium_sp_CAG_413	Clo. sp. CAG-413
Gluconobacter_frateurii	G. frateurii
Achromobacter_ruhlandii	A. ruhlandii
Bacteroides_dorei	B. dorei
Actinomyces_urogenitalis	A. urogenitalis
Pseudoflavonifractor_sp_An85	Pse. sp. An85
Kingella_potus	K. potus
Kocuria_rosea	K. rosea
Eggerthella_lenta	E. lenta
Pseudonocardia_alni	P. alni
Muribaculaceae_bacterium_DSM_103720	Mur. bacterium DSM-103720
Pseudomonas_indoloxydans	P. indoloxydans
Pelistega_indica	P. indica
Neisseria_zoodegmatis	N. zoodegmatis
Deinococcus_soli_Cha_et_al_2016	D. soli Cha-et-al-2016
Staphylococcus_lugdunensis	S. lugdunensis
Mageeibacillus_indolicus	M. indolicus
Clostridium_diolis	C. diolis
Butyricicoccus_porcorum	B. porcorum
Lactobacillus_hilgardii	L. hilgardii
Acidovorax_sp_MR_S7	Aci. sp. MR-S7
Rikenella_microfusus	R. microfusus
Achromobacter_insuavis	A. insuavis
Lactobacillus_kullabergensis	L. kullabergensis
Oribacterium_asaccharolyticum	Ori. asaccharolyticum
Eubacterium_sp_CAG_786	Eub. sp. CAG-786
Gluconacetobacter_liquefaciens	G. liquefaciens
Enterococcus_sp_RIT_PI_f	Ent. sp. RIT-PI-f
Criibacterium_bergeronii	Cri. bergeronii
Pseudoalteromonas_undina	P. undina
Prevotella_sp_CAG_1092	Pre. sp. CAG-1092
Lactobacillus_lindneri	L. lindneri
Eubacterium_sp_CAG_38	Eub. sp. CAG-38
Bilophila_wadsworthia	B. wadsworthia
Anaerococcus_prevotii	A. prevotii
Enterococcus_durans	E. durans
Leucobacter_sp_UCD_THU	Leu. sp. UCD-THU
Lactobacillus_ruminis	L. ruminis
Bacteroides_graminisolvens	B. graminisolvens
Clostridium_cocleatum	C. cocleatum
Corynebacterium_riegelii	Cor. riegelii
Anaeromassilibacillus_sp_An172	Ana. sp. An172
Bifidobacterium_actinocoloniiforme	Bif. actinocoloniiforme
Bergeyella_zoohelcum	B. zoohelcum
Bradyrhizobium_sp_BTAi1	Bra. sp. BTAi1
Paracoccus_chinensis	P. chinensis
Sporanaerobacter_sp_PP17_6a	Spo. sp. PP17-6a
Cedecea_lapagei	C. lapagei
Veillonellaceae_bacterium_DNF00626	Vei. bacterium DNF00626
Neisseria_sicca	N. sicca
Comamonas_aquatica	C. aquatica
Bacillus_oceanisediminis	B. oceanisediminis
Butyricicoccus_pullicaecorum	B. pullicaecorum
Photobacterium_iliopiscarium	Pho. iliopiscarium
Aneurinibacillus_migulanus	A. migulanus
Cetobacterium_somerae	Cet. somerae
Capnocytophaga_sp_oral_taxon_332	Cap. sp. oral-taxon-332
Prevotella_sp_F0091	Pre. sp. F0091
Streptococcus_viridans	S. viridans
Bacillus_stratosphericus	B. stratosphericus
Acetobacter_orientalis	A. orientalis
Actinomyces_sp_oral_taxon_170	Act. sp. oral-taxon-170
Coprobacter_fastidiosus	C. fastidiosus
Enterococcus_thailandicus	E. thailandicus
Georgenia_satyanarayanai	G. satyanarayanai
Leptospira_licerasiae	L. licerasiae
Acetatifactor_muris	A. muris
Gordonia_bronchialis	G. bronchialis
Chlorogloea_sp_CCALA_695	Chl. sp. CCALA-695
Shewanella_putrefaciens	S. putrefaciens
Hungatella_hathewayi	H. hathewayi
Arthrobacter_sp_7749	Art. sp. 7749
Jonquetella_anthropi	J. anthropi
Lachnoclostridium_sp_An131	Lac. sp. An131
Eubacterium_pyruvativorans	Eub. pyruvativorans
Clostridium_cadaveris	C. cadaveris
Lactobacillus_agilis	L. agilis
Bacteroides_intestinalis	Bacteroides_intestinalis
Listeria_monocytogenes	L. monocytogenes
Neisseria_weaveri	N. weaveri
Brachyspira_pilosicoli	B. pilosicoli
Gemmiger_sp_An120	Gem. sp. An120
Clostridium_sp_CAG_299	Clo. sp. CAG-299
Acinetobacter_schindleri	A. schindleri
Roseburia_inulinivorans	R. inulinivorans
Mesorhizobium_sp_65_26	Mes. sp. 65-26
Lawsonibacter_asaccharolyticus	L. asaccharolyticus
Alloscardovia_omnicolens	A. omnicolens
Roseburia_hominis	Roseburia_hominis
Burkholderia_lata	B. lata
Corynebacterium_resistens	Cor. resistens
Salipiger_profundus	S. profundus
Clostridiales_bacterium_CHKCI006	Clo. bacterium CHKCI006
Pseudomonas_sp_HMWF006	Pse. sp. HMWF006
Actinomyces_odontolyticus	A. odontolyticus
Alloiococcus_otitis	A. otitis
Porphyromonas_endodontalis	P. endodontalis
Roseburia_sp_831b	Ros. sp. 831b
Bacillus_marisflavi	B. marisflavi
Veillonella_rogosae	V. rogosae
Bacillus_sp_AFS040349	Bac. sp. AFS040349
Bifidobacterium_ruminantium	Bif. ruminantium
Bifidobacterium_gallinarum	Bif. gallinarum
Brevibacterium_iodinum	Bre. iodinum
Pediococcus_pentosaceus	P. pentosaceus
Haemophilus_sp_HMSC71H05	Hae. sp. HMSC71H05
Solobacterium_moorei	Sol. moorei
Aeromonas_veronii	A. veronii
Methanobrevibacter_woesei	M. woesei
Arthrospira_platensis	A. platensis
Lactobacillus_oris	L. oris
Ileibacterium_valens	Ile. valens
Lachnoclostridium_sp_An196	Lac. sp. An196
Cupriavidus_sp	Cupriavidus_sp
Tannerella_forsythia	T. forsythia
Aerococcaceae_bacterium	Aer. bacterium
Erysipelothrix_larvae	E. larvae
Staphylococcus_carnosus	S. carnosus
Edwardsiella_hoshinae	E. hoshinae
Prevotella_sp_CAG_924	Pre. sp. CAG-924
Bordetella_sp_3d_2_2	Bor. sp. 3d-2-2
Helicobacter_bilis	H. bilis
Chlamydia_ibidis	C. ibidis
Citrobacter_braakii	C. braakii
Psychrobacillus_psychrotolerans	Psychrobacillus_psychrotolerans
Atopobium_rimae	A. rimae
Gemella_haemolysans	G. haemolysans
Sphingomonadaceae_bacterium_MED_G03	Sph. bacterium MED-G03
Neisseria_perflava	N. perflava
Zymomonas_mobilis	Z. mobilis
Chryseobacterium_sp_39_10	Chr. sp. 39-10
Aeromonas_dhakensis	A. dhakensis
Peptoanaerobacter_stomatis	Peptoanaerobacter_stomatis
Oscillibacter_sp_PC13	Osc. sp. PC13
Rouxiella_silvae	R. silvae
